-- ===========================
-- Smart Retail デモ用仮データ
-- ===========================
use youlai_boot;

-- ----------------------------
-- カテゴリマスタデータ
-- ----------------------------
INSERT INTO `retail_category` (`id`, `category_code`, `category_name`, `parent_id`, `sort_order`, `description`, `status`) VALUES
(1, 'CAT-001', '飲料', NULL, 1, '飲料全般', 'active'),
(2, 'CAT-002', '菓子', NULL, 2, '菓子類全般', 'active'),
(3, 'CAT-003', '食品', NULL, 3, '食品全般', 'active'),
(4, 'CAT-004', '日用品', NULL, 4, '日用品全般', 'active'),
(5, 'CAT-101', 'コーヒー・紅茶', 1, 11, 'コーヒー、紅茶、お茶類', 'active'),
(6, 'CAT-102', 'ソフトドリンク', 1, 12, 'ジュース、炭酸飲料、水', 'active'),
(7, 'CAT-201', 'チョコレート', 2, 21, 'チョコレート菓子', 'active'),
(8, 'CAT-202', 'スナック', 2, 22, 'ポテトチップス等', 'active'),
(9, 'CAT-203', 'キャンディ・グミ', 2, 23, 'キャンディ、グミ類', 'active'),
(10, 'CAT-301', '弁当・おにぎり', 3, 31, '弁当、おにぎり、サンドイッチ', 'active'),
(11, 'CAT-302', 'パン', 3, 32, 'パン類', 'active'),
(12, 'CAT-303', 'サラダ', 3, 33, 'サラダ類', 'active');

-- ----------------------------
-- 店舗マスタデータ
-- ----------------------------
INSERT INTO `retail_store` (`id`, `store_code`, `store_name`, `address`, `phone`, `manager`, `status`, `opening_hours`) VALUES
(1, 'ST001', '東京本店', '東京都千代田区丸の内1-1-1', '03-1234-5678', '山田太郎', 'active', '9:00-21:00'),
(2, 'ST002', '横浜駅前店', '神奈川県横浜市西区高島2-19-12', '045-1234-5678', '佐藤花子', 'active', '10:00-22:00'),
(3, 'ST003', '名古屋栄店', '愛知県名古屋市中区栄3-4-5', '052-1234-5678', '鈴木一郎', 'active', '10:00-21:00'),
(4, 'ST004', '大阪梅田店', '大阪府大阪市北区梅田1-1-3', '06-1234-5678', '田中美咲', 'active', '10:00-22:00'),
(5, 'ST005', '福岡天神店', '福岡県福岡市中央区天神2-1-1', '092-1234-5678', '高橋健太', 'active', '10:00-21:00'),
(6, 'ST006', '札幌駅前店', '北海道札幌市中央区北5条西2-5', '011-1234-5678', '伊藤さくら', 'active', '9:00-20:00'),
(7, 'ST007', '仙台一番町店', '宮城県仙台市青葉区一番町3-8-8', '022-1234-5678', '渡辺大輔', 'active', '10:00-21:00'),
(8, 'ST008', '広島本通店', '広島県広島市中区本通10-1', '082-1234-5678', '中村由美', 'active', '10:00-21:00'),
(9, 'ST009', '京都四条店', '京都府京都市下京区四条通烏丸東入', '075-1234-5678', '小林誠', 'inactive', '10:00-20:00'),
(10, 'ST010', '神戸三宮店', '兵庫県神戸市中央区三宮町1-5-1', '078-1234-5678', '加藤愛', 'inactive', '10:00-21:00');

-- ----------------------------
-- 商品マスタデータ
-- ----------------------------
INSERT INTO `retail_product` (`id`, `product_code`, `product_name`, `barcode`, `category_id`, `category_name`, `unit_price`, `cost_price`, `unit`, `shelf_life_days`, `supplier_id`, `supplier_name`, `description`, `status`) VALUES
(1, 'PRD-001', 'プレミアムコーヒー', '4901234567890', 1, '飲料', 450.00, 200.00, '個', 365, 1, 'コーヒー商事', '厳選豆使用の高級コーヒー', 'active'),
(2, 'PRD-002', 'オーガニックティー', '4901234567891', 1, '飲料', 380.00, 180.00, '個', 365, 2, 'ティーワールド', '有機栽培茶葉100%', 'active'),
(3, 'PRD-003', 'ミネラルウォーター', '4901234567892', 1, '飲料', 120.00, 50.00, '本', 730, 3, '天然水業', '天然ミネラル豊富', 'active'),
(4, 'PRD-004', 'エナジードリンク', '4901234567893', 1, '飲料', 280.00, 120.00, '本', 365, 4, 'エナジー社', 'カフェイン配合', 'active'),
(5, 'PRD-005', 'フルーツジュース', '4901234567894', 1, '飲料', 250.00, 110.00, '本', 180, 5, 'フルーツ農園', '果汁100%', 'active'),
(6, 'PRD-006', 'チョコレートバー', '4901234567895', 2, '菓子', 180.00, 80.00, '個', 180, 6, 'スイーツ工房', 'カカオ70%', 'active'),
(7, 'PRD-007', 'ポテトチップス', '4901234567896', 2, '菓子', 150.00, 70.00, '袋', 90, 7, 'スナック製造', '国産じゃがいも使用', 'active'),
(8, 'PRD-008', 'クッキー詰め合わせ', '4901234567897', 2, '菓子', 320.00, 150.00, '箱', 120, 8, 'ベーカリー', '手作り風味', 'active'),
(9, 'PRD-009', 'グミキャンディ', '4901234567898', 2, '菓子', 130.00, 60.00, '袋', 180, 9, 'キャンディ社', 'ビタミンC配合', 'active'),
(10, 'PRD-010', 'ナッツミックス', '4901234567899', 2, '菓子', 420.00, 200.00, '袋', 180, 10, 'ナッツ商会', '無塩ロースト', 'active'),
(11, 'PRD-011', 'サンドイッチ', '4901234567900', 3, '食品', 350.00, 180.00, '個', 2, 11, 'デリカ工房', '新鮮野菜使用', 'active'),
(12, 'PRD-012', 'おにぎり', '4901234567901', 3, '食品', 180.00, 90.00, '個', 1, 12, 'ライス工場', '国産米100%', 'active'),
(13, 'PRD-013', 'サラダ', '4901234567902', 3, '食品', 280.00, 140.00, '個', 1, 13, 'フレッシュ農園', '有機野菜', 'active'),
(14, 'PRD-014', '弁当', '4901234567903', 3, '食品', 580.00, 300.00, '個', 1, 14, '弁当屋', '日替わりメニュー', 'active'),
(15, 'PRD-015', 'パン', '4901234567904', 3, '食品', 220.00, 100.00, '個', 3, 15, 'ベーカリー工房', '焼きたて', 'active');

-- ----------------------------
-- 在庫データ
-- ----------------------------
INSERT INTO `retail_inventory` (`store_id`, `product_id`, `lot_number`, `quantity`, `min_stock`, `max_stock`, `expiry_date`, `location`, `status`) VALUES
-- 東京本店
(1, 1, 'LOT-2026-0101', 50, 20, 100, '2026-12-31', 'A-01', 'normal'),
(1, 2, 'LOT-2026-0102', 8, 15, 80, '2026-12-31', 'A-02', 'low'),
(1, 3, 'LOT-2026-0103', 200, 50, 300, '2027-12-31', 'B-01', 'normal'),
(1, 4, 'LOT-2026-0104', 5, 20, 100, '2026-12-31', 'B-02', 'low'),
(1, 5, 'LOT-2026-0105', 30, 15, 80, '2026-06-30', 'B-03', 'normal'),
(1, 11, 'LOT-2026-0111', 10, 20, 50, '2026-01-31', 'C-01', 'low'),
(1, 12, 'LOT-2026-0112', 25, 30, 80, '2026-01-30', 'C-02', 'low'),
-- 横浜駅前店
(2, 1, 'LOT-2026-0201', 45, 20, 100, '2026-12-31', 'A-01', 'normal'),
(2, 3, 'LOT-2026-0203', 180, 50, 300, '2027-12-31', 'B-01', 'normal'),
(2, 6, 'LOT-2026-0206', 60, 30, 120, '2026-06-30', 'D-01', 'normal'),
(2, 7, 'LOT-2026-0207', 12, 25, 100, '2026-03-31', 'D-02', 'low'),
-- 名古屋栄店
(3, 1, 'LOT-2026-0301', 35, 20, 100, '2026-12-31', 'A-01', 'normal'),
(3, 3, 'LOT-2026-0303', 250, 50, 300, '2027-12-31', 'B-01', 'high'),
(3, 8, 'LOT-2026-0308', 40, 20, 80, '2026-04-30', 'D-03', 'normal'),
-- 大阪梅田店
(4, 2, 'LOT-2026-0402', 55, 15, 80, '2026-12-31', 'A-02', 'normal'),
(4, 4, 'LOT-2026-0404', 70, 20, 100, '2026-12-31', 'B-02', 'normal'),
(4, 9, 'LOT-2026-0409', 45, 25, 100, '2026-06-30', 'D-04', 'normal'),
-- 福岡天神店
(5, 5, 'LOT-2026-0505', 40, 15, 80, '2026-06-30', 'B-03', 'normal'),
(5, 10, 'LOT-2026-0510', 30, 15, 60, '2026-06-30', 'D-05', 'normal'),
(5, 13, 'LOT-2026-0513', 8, 15, 40, '2026-01-30', 'C-03', 'low');

-- ----------------------------
-- アラートデータ
-- ----------------------------
INSERT INTO `retail_alert` (`store_id`, `product_id`, `lot_number`, `alert_type`, `alert_message`, `alert_date`, `resolved`) VALUES
(1, 2, 'LOT-2026-0102', 'LOW_STOCK', '在庫切れ警告: オーガニックティー 現在在庫8個、発注点15個', '2026-01-29 10:30:00', 0),
(1, 4, 'LOT-2026-0104', 'LOW_STOCK', '在庫切れ警告: エナジードリンク 現在在庫5個、発注点20個', '2026-01-29 11:00:00', 0),
(1, 11, 'LOT-2026-0111', 'LOW_STOCK', '在庫切れ警告: サンドイッチ 現在在庫10個、発注点20個', '2026-01-29 08:00:00', 0),
(1, 11, 'LOT-2026-0111', 'EXPIRED', '賞味期限接近: サンドイッチ 賞味期限2026-01-31 残り2日', '2026-01-29 06:00:00', 0),
(1, 12, 'LOT-2026-0112', 'LOW_STOCK', '在庫切れ警告: おにぎり 現在在庫25個、発注点30個', '2026-01-29 09:00:00', 0),
(1, 12, 'LOT-2026-0112', 'EXPIRED', '賞味期限接近: おにぎり 賞味期限2026-01-30 残り1日', '2026-01-29 06:00:00', 0),
(2, 7, 'LOT-2026-0207', 'LOW_STOCK', '在庫切れ警告: ポテトチップス 現在在庫12個、発注点25個', '2026-01-29 12:00:00', 0),
(5, 13, 'LOT-2026-0513', 'LOW_STOCK', '在庫切れ警告: サラダ 現在在庫8個、発注点15個', '2026-01-29 10:00:00', 0),
(5, 13, 'LOT-2026-0513', 'EXPIRED', '賞味期限接近: サラダ 賞味期限2026-01-30 残り1日', '2026-01-29 06:00:00', 0),
(1, 1, 'LOT-2026-0101', 'LOW_STOCK', '在庫切れ警告: プレミアムコーヒー 現在在庫50個、発注点20個', '2026-01-28 14:00:00', 1),
(2, 1, 'LOT-2026-0201', 'LOW_STOCK', '在庫切れ警告: プレミアムコーヒー 現在在庫45個、発注点20個', '2026-01-28 15:00:00', 1),
(3, 1, 'LOT-2026-0301', 'LOW_STOCK', '在庫切れ警告: プレミアムコーヒー 現在在庫35個、発注点20個', '2026-01-27 10:00:00', 1),
(4, 2, 'LOT-2026-0402', 'LOW_STOCK', '在庫切れ警告: オーガニックティー 現在在庫55個、発注点15個', '2026-01-26 11:00:00', 1),
(5, 5, 'LOT-2026-0505', 'LOW_STOCK', '在庫切れ警告: フルーツジュース 現在在庫40個、発注点15個', '2026-01-25 09:00:00', 1),
(1, 3, 'LOT-2026-0103', 'LOW_STOCK', '在庫切れ警告: ミネラルウォーター 現在在庫200個、発注点50個', '2026-01-24 13:00:00', 1);

-- ----------------------------
-- 売上データ（過去30日分）
-- ----------------------------
INSERT INTO `retail_sales` (`store_id`, `order_number`, `total_amount`, `payment_method`, `sale_timestamp`) VALUES
-- 2026-01-29
(1, 'ORD-20260129-001', 2850.00, 'CARD', '2026-01-29 10:15:00'),
(1, 'ORD-20260129-002', 1580.00, 'CASH', '2026-01-29 11:30:00'),
(2, 'ORD-20260129-003', 3200.00, 'QR', '2026-01-29 12:45:00'),
(3, 'ORD-20260129-004', 1950.00, 'CARD', '2026-01-29 13:20:00'),
(4, 'ORD-20260129-005', 4100.00, 'CARD', '2026-01-29 14:10:00'),
-- 2026-01-28
(1, 'ORD-20260128-001', 3500.00, 'CARD', '2026-01-28 09:30:00'),
(1, 'ORD-20260128-002', 2200.00, 'CASH', '2026-01-28 11:00:00'),
(2, 'ORD-20260128-003', 2800.00, 'QR', '2026-01-28 13:15:00'),
(3, 'ORD-20260128-004', 3100.00, 'CARD', '2026-01-28 15:30:00'),
(4, 'ORD-20260128-005', 2650.00, 'CASH', '2026-01-28 16:45:00'),
-- 2026-01-27
(1, 'ORD-20260127-001', 2900.00, 'CARD', '2026-01-27 10:00:00'),
(2, 'ORD-20260127-002', 3300.00, 'QR', '2026-01-27 12:30:00'),
(3, 'ORD-20260127-003', 2750.00, 'CARD', '2026-01-27 14:00:00'),
(4, 'ORD-20260127-004', 3850.00, 'CASH', '2026-01-27 16:20:00'),
(5, 'ORD-20260127-005', 2400.00, 'CARD', '2026-01-27 17:45:00'),
-- 2026-01-26
(1, 'ORD-20260126-001', 3200.00, 'CARD', '2026-01-26 09:45:00'),
(2, 'ORD-20260126-002', 2850.00, 'CASH', '2026-01-26 11:30:00'),
(3, 'ORD-20260126-003', 3450.00, 'QR', '2026-01-26 13:00:00'),
(4, 'ORD-20260126-004', 2950.00, 'CARD', '2026-01-26 15:15:00'),
(5, 'ORD-20260126-005', 3100.00, 'CASH', '2026-01-26 17:00:00'),
-- 2026-01-25
(1, 'ORD-20260125-001', 2700.00, 'CARD', '2026-01-25 10:20:00'),
(2, 'ORD-20260125-002', 3050.00, 'QR', '2026-01-25 12:00:00'),
(3, 'ORD-20260125-003', 2600.00, 'CARD', '2026-01-25 14:30:00'),
(4, 'ORD-20260125-004', 3400.00, 'CASH', '2026-01-25 16:00:00'),
(5, 'ORD-20260125-005', 2850.00, 'CARD', '2026-01-25 18:00:00'),
-- 2026-01-24
(1, 'ORD-20260124-001', 3100.00, 'CARD', '2026-01-24 09:30:00'),
(2, 'ORD-20260124-002', 2950.00, 'CASH', '2026-01-24 11:45:00'),
(3, 'ORD-20260124-003', 3250.00, 'QR', '2026-01-24 13:30:00'),
(4, 'ORD-20260124-004', 2800.00, 'CARD', '2026-01-24 15:45:00'),
(5, 'ORD-20260124-005', 3150.00, 'CASH', '2026-01-24 17:30:00'),
-- 2026-01-23
(1, 'ORD-20260123-001', 2850.00, 'CARD', '2026-01-23 10:00:00'),
(2, 'ORD-20260123-002', 3200.00, 'QR', '2026-01-23 12:15:00'),
(3, 'ORD-20260123-003', 2700.00, 'CARD', '2026-01-23 14:00:00'),
(4, 'ORD-20260123-004', 3500.00, 'CASH', '2026-01-23 16:30:00'),
(5, 'ORD-20260123-005', 2950.00, 'CARD', '2026-01-23 18:15:00');
