-- ===========================
-- Smart Retail デモ用仮データ
-- ===========================
use youlai_boot;

-- 既存データをクリア（オプション：必要に応じてコメントアウト）
-- TRUNCATE TABLE `retail_sales`;
-- TRUNCATE TABLE `retail_alert`;
-- TRUNCATE TABLE `retail_inventory`;
-- TRUNCATE TABLE `retail_product`;
-- TRUNCATE TABLE `retail_store`;
-- TRUNCATE TABLE `retail_category`;

-- または、既存データを削除してから挿入
DELETE FROM `retail_sales` WHERE store_id IN (1,2,3,4,5,6,7,8,9,10,11,12,13,14,15,16,17,18,19,20,21,22,23,24,25,26,27,28,29,30);
DELETE FROM `retail_alert` WHERE store_id IN (1,2,3,4,5,6,7,8,9,10,11,12,13,14,15,16,17,18,19,20,21,22,23,24,25,26,27,28,29,30);
DELETE FROM `retail_inventory` WHERE store_id IN (1,2,3,4,5,6,7,8,9,10,11,12,13,14,15,16,17,18,19,20,21,22,23,24,25,26,27,28,29,30);
DELETE FROM `retail_product` WHERE id BETWEEN 1 AND 45;
DELETE FROM `retail_store` WHERE id BETWEEN 1 AND 30;
DELETE FROM `retail_category` WHERE id BETWEEN 1 AND 38;

-- ----------------------------
-- カテゴリマスタデータ
-- ----------------------------
INSERT INTO `retail_category` (`id`, `category_code`, `category_name`, `parent_id`, `sort_order`, `description`, `status`) VALUES
(1, 'CAT-001', '飲料', NULL, 1, '飲料全般', 'active'),
(2, 'CAT-002', '菓子', NULL, 2, '菓子類全般', 'active'),
(3, 'CAT-003', '食品', NULL, 3, '食品全般', 'active'),
(4, 'CAT-004', '日用品', NULL, 4, '日用品全般', 'active'),
(5, 'CAT-005', '冷凍食品', NULL, 5, '冷凍食品全般', 'active'),
(6, 'CAT-006', '乳製品', NULL, 6, '乳製品全般', 'active'),
(7, 'CAT-007', '調味料', NULL, 7, '調味料全般', 'active'),
(8, 'CAT-008', 'アルコール', NULL, 8, 'アルコール飲料', 'active'),
(9, 'CAT-101', 'コーヒー・紅茶', 1, 11, 'コーヒー、紅茶、お茶類', 'active'),
(10, 'CAT-102', 'ソフトドリンク', 1, 12, 'ジュース、炭酸飲料、水', 'active'),
(11, 'CAT-103', 'エナジードリンク', 1, 13, 'エナジー系飲料', 'active'),
(12, 'CAT-104', 'スポーツドリンク', 1, 14, 'スポーツ飲料', 'active'),
(13, 'CAT-201', 'チョコレート', 2, 21, 'チョコレート菓子', 'active'),
(14, 'CAT-202', 'スナック', 2, 22, 'ポテトチップス等', 'active'),
(15, 'CAT-203', 'キャンディ・グミ', 2, 23, 'キャンディ、グミ類', 'active'),
(16, 'CAT-204', 'ビスケット', 2, 24, 'ビスケット、クッキー類', 'active'),
(17, 'CAT-205', '和菓子', 2, 25, '和菓子類', 'active'),
(18, 'CAT-206', 'アイスクリーム', 2, 26, 'アイスクリーム類', 'active'),
(19, 'CAT-301', '弁当・おにぎり', 3, 31, '弁当、おにぎり、サンドイッチ', 'active'),
(20, 'CAT-302', 'パン', 3, 32, 'パン類', 'active'),
(21, 'CAT-303', 'サラダ', 3, 33, 'サラダ類', 'active'),
(22, 'CAT-304', '麺類', 3, 34, 'カップ麺、インスタント麺', 'active'),
(23, 'CAT-305', 'レトルト食品', 3, 35, 'レトルトカレー等', 'active'),
(24, 'CAT-401', '洗剤', 4, 41, '洗濯洗剤、食器洗剤', 'active'),
(25, 'CAT-402', 'ティッシュ・トイレットペーパー', 4, 42, '紙製品', 'active'),
(26, 'CAT-403', 'バス・トイレ用品', 4, 43, 'バス・トイレ用品', 'active'),
(27, 'CAT-404', '文房具', 4, 44, '文房具類', 'active'),
(28, 'CAT-501', '冷凍野菜', 5, 51, '冷凍野菜類', 'active'),
(29, 'CAT-502', '冷凍肉・魚', 5, 52, '冷凍肉・魚類', 'active'),
(30, 'CAT-503', '冷凍デザート', 5, 53, '冷凍デザート類', 'active'),
(31, 'CAT-601', '牛乳', 6, 61, '牛乳類', 'active'),
(32, 'CAT-602', 'ヨーグルト', 6, 62, 'ヨーグルト類', 'active'),
(33, 'CAT-603', 'チーズ', 6, 63, 'チーズ類', 'active'),
(34, 'CAT-701', '醤油・味噌', 7, 71, '醤油、味噌類', 'active'),
(35, 'CAT-702', 'ソース・ドレッシング', 7, 72, 'ソース、ドレッシング類', 'active'),
(36, 'CAT-801', 'ビール', 8, 81, 'ビール類', 'active'),
(37, 'CAT-802', 'ワイン', 8, 82, 'ワイン類', 'active'),
(38, 'CAT-803', '日本酒・焼酎', 8, 83, '日本酒、焼酎類', 'active');

-- ----------------------------
-- 店舗マスタデータ
-- ----------------------------
INSERT INTO `retail_store` (`id`, `store_code`, `store_name`, `address`, `phone`, `manager`, `status`, `opening_hours`) VALUES
(1, 'ST001', '東京本店', '東京都千代田区丸の内1-1-1', '03-1234-5678', '山田太郎', 'active', '9:00-21:00'),
(2, 'ST002', '横浜駅前店', '神奈川県横浜市西区高島2-19-12', '045-1234-5678', '佐藤花子', 'active', '10:00-22:00'),
(3, 'ST003', '名古屋栄店', '愛知県名古屋市中区栄3-4-5', '052-1234-5678', '鈴木一郎', 'active', '10:00-21:00'),
(4, 'ST004', '大阪梅田店', '大阪府大阪市北区梅田1-1-3', '06-1234-5678', '田中美咲', 'active', '10:00-22:00'),
(5, 'ST005', '福岡天神店', '福岡県福岡市中央区天神2-1-1', '092-1234-5678', '高橋健太', 'active', '10:00-21:00'),
(6, 'ST006', '札幌駅前店', '北海道札幌市中央区北5条西2-5', '011-1234-5678', '伊藤さくら', 'active', '9:00-20:00'),
(7, 'ST007', '仙台一番町店', '宮城県仙台市青葉区一番町3-8-8', '022-1234-5678', '渡辺大輔', 'active', '10:00-21:00'),
(8, 'ST008', '広島本通店', '広島県広島市中区本通10-1', '082-1234-5678', '中村由美', 'active', '10:00-21:00'),
(9, 'ST009', '京都四条店', '京都府京都市下京区四条通烏丸東入', '075-1234-5678', '小林誠', 'active', '10:00-20:00'),
(10, 'ST010', '神戸三宮店', '兵庫県神戸市中央区三宮町1-5-1', '078-1234-5678', '加藤愛', 'active', '10:00-21:00'),
(11, 'ST011', '新宿西口店', '東京都新宿区西新宿1-1-1', '03-2234-5678', '松本健', 'active', '9:00-23:00'),
(12, 'ST012', '池袋東口店', '東京都豊島区南池袋1-28-1', '03-3234-5678', '木村美穂', 'active', '10:00-22:00'),
(13, 'ST013', '渋谷センター街店', '東京都渋谷区宇田川町21-1', '03-4234-5678', '林大樹', 'active', '10:00-23:00'),
(14, 'ST014', '川崎駅前店', '神奈川県川崎市川崎区駅前本町8', '044-1234-5678', '森田真理', 'active', '10:00-22:00'),
(15, 'ST015', '千葉駅前店', '千葉県千葉市中央区新町1000', '043-1234-5678', '井上拓也', 'active', '10:00-21:00'),
(16, 'ST016', '大宮駅前店', '埼玉県さいたま市大宮区桜木町1-6-2', '048-1234-5678', '清水優子', 'active', '10:00-22:00'),
(17, 'ST017', '静岡駅前店', '静岡県静岡市葵区御幸町11-30', '054-1234-5678', '山口隆', 'active', '10:00-21:00'),
(18, 'ST018', '浜松駅前店', '静岡県浜松市中区砂山町320-2', '053-1234-5678', '斉藤恵', 'active', '10:00-21:00'),
(19, 'ST019', '金沢駅前店', '石川県金沢市木ノ新保町1-1', '076-1234-5678', '中島修', 'active', '10:00-21:00'),
(20, 'ST020', '新潟駅前店', '新潟県新潟市中央区花園1-1-1', '025-1234-5678', '橋本彩', 'active', '10:00-21:00'),
(21, 'ST021', '岡山駅前店', '岡山県岡山市北区駅元町1-1', '086-1234-5678', '藤田浩二', 'active', '10:00-21:00'),
(22, 'ST022', '松山駅前店', '愛媛県松山市湊町5-1-1', '089-1234-5678', '吉田明美', 'active', '10:00-21:00'),
(23, 'ST023', '高松駅前店', '香川県高松市浜ノ町1-20', '087-1234-5678', '村上直樹', 'active', '10:00-21:00'),
(24, 'ST024', '鹿児島中央店', '鹿児島県鹿児島市中央町1-1', '099-1234-5678', '石川麻衣', 'active', '10:00-21:00'),
(25, 'ST025', '熊本駅前店', '熊本県熊本市西区春日3-15-30', '096-1234-5678', '大野雄一', 'active', '10:00-21:00'),
(26, 'ST026', '長崎駅前店', '長崎県長崎市尾上町1-1', '095-1234-5678', '前田千春', 'active', '10:00-21:00'),
(27, 'ST027', '那覇国際通り店', '沖縄県那覇市牧志1-2-31', '098-1234-5678', '宮城太一', 'active', '10:00-22:00'),
(28, 'ST028', '青森駅前店', '青森県青森市新町1-3-7', '017-1234-5678', '佐々木美紀', 'active', '10:00-21:00'),
(29, 'ST029', '盛岡駅前店', '岩手県盛岡市盛岡駅前通1-44', '019-1234-5678', '菊地和也', 'active', '10:00-21:00'),
(30, 'ST030', '秋田駅前店', '秋田県秋田市中通7-1-2', '018-1234-5678', '遠藤理恵', 'inactive', '10:00-21:00');

-- ----------------------------
-- 商品マスタデータ
-- ----------------------------
INSERT INTO `retail_product` (`id`, `product_code`, `product_name`, `barcode`, `category_id`, `category_name`, `unit_price`, `cost_price`, `unit`, `shelf_life_days`, `supplier_id`, `supplier_name`, `description`, `status`) VALUES
(1, 'PRD-001', 'プレミアムコーヒー', '4901234567890', 1, '飲料', 450.00, 200.00, '個', 365, 1, 'コーヒー商事', '厳選豆使用の高級コーヒー', 'active'),
(2, 'PRD-002', 'オーガニックティー', '4901234567891', 1, '飲料', 380.00, 180.00, '個', 365, 2, 'ティーワールド', '有機栽培茶葉100%', 'active'),
(3, 'PRD-003', 'ミネラルウォーター', '4901234567892', 1, '飲料', 120.00, 50.00, '本', 730, 3, '天然水業', '天然ミネラル豊富', 'active'),
(4, 'PRD-004', 'エナジードリンク', '4901234567893', 1, '飲料', 280.00, 120.00, '本', 365, 4, 'エナジー社', 'カフェイン配合', 'active'),
(5, 'PRD-005', 'フルーツジュース', '4901234567894', 1, '飲料', 250.00, 110.00, '本', 180, 5, 'フルーツ農園', '果汁100%', 'active'),
(6, 'PRD-006', 'チョコレートバー', '4901234567895', 2, '菓子', 180.00, 80.00, '個', 180, 6, 'スイーツ工房', 'カカオ70%', 'active'),
(7, 'PRD-007', 'ポテトチップス', '4901234567896', 2, '菓子', 150.00, 70.00, '袋', 90, 7, 'スナック製造', '国産じゃがいも使用', 'active'),
(8, 'PRD-008', 'クッキー詰め合わせ', '4901234567897', 2, '菓子', 320.00, 150.00, '箱', 120, 8, 'ベーカリー', '手作り風味', 'active'),
(9, 'PRD-009', 'グミキャンディ', '4901234567898', 2, '菓子', 130.00, 60.00, '袋', 180, 9, 'キャンディ社', 'ビタミンC配合', 'active'),
(10, 'PRD-010', 'ナッツミックス', '4901234567899', 2, '菓子', 420.00, 200.00, '袋', 180, 10, 'ナッツ商会', '無塩ロースト', 'active'),
(11, 'PRD-011', 'サンドイッチ', '4901234567900', 3, '食品', 350.00, 180.00, '個', 2, 11, 'デリカ工房', '新鮮野菜使用', 'active'),
(12, 'PRD-012', 'おにぎり', '4901234567901', 3, '食品', 180.00, 90.00, '個', 1, 12, 'ライス工場', '国産米100%', 'active'),
(13, 'PRD-013', 'サラダ', '4901234567902', 3, '食品', 280.00, 140.00, '個', 1, 13, 'フレッシュ農園', '有機野菜', 'active'),
(14, 'PRD-014', '弁当', '4901234567903', 3, '食品', 580.00, 300.00, '個', 1, 14, '弁当屋', '日替わりメニュー', 'active'),
(15, 'PRD-015', 'パン', '4901234567904', 3, '食品', 220.00, 100.00, '個', 3, 15, 'ベーカリー工房', '焼きたて', 'active'),
(16, 'PRD-016', '緑茶ペットボトル', '4901234567905', 1, '飲料', 150.00, 70.00, '本', 365, 2, 'ティーワールド', '国産茶葉使用', 'active'),
(17, 'PRD-017', 'コーラ', '4901234567906', 1, '飲料', 140.00, 60.00, '本', 365, 16, '炭酸飲料社', '爽快な炭酸', 'active'),
(18, 'PRD-018', 'オレンジジュース', '4901234567907', 1, '飲料', 200.00, 90.00, '本', 180, 5, 'フルーツ農園', 'バレンシアオレンジ', 'active'),
(19, 'PRD-019', 'スポーツドリンク', '4901234567908', 1, '飲料', 180.00, 80.00, '本', 365, 17, 'スポーツ飲料社', '電解質補給', 'active'),
(20, 'PRD-020', 'アイスコーヒー', '4901234567909', 1, '飲料', 200.00, 90.00, '本', 180, 1, 'コーヒー商事', '無糖タイプ', 'active'),
(21, 'PRD-021', 'ミルクチョコレート', '4901234567910', 2, '菓子', 200.00, 90.00, '個', 180, 6, 'スイーツ工房', 'まろやかな味わい', 'active'),
(22, 'PRD-022', 'ビターチョコレート', '4901234567911', 2, '菓子', 220.00, 100.00, '個', 180, 6, 'スイーツ工房', 'カカオ85%', 'active'),
(23, 'PRD-023', 'のり塩ポテトチップス', '4901234567912', 2, '菓子', 150.00, 70.00, '袋', 90, 7, 'スナック製造', '青のり風味', 'active'),
(24, 'PRD-024', 'コンソメポテトチップス', '4901234567913', 2, '菓子', 150.00, 70.00, '袋', 90, 7, 'スナック製造', 'コンソメ味', 'active'),
(25, 'PRD-025', 'チョコクッキー', '4901234567914', 2, '菓子', 280.00, 130.00, '箱', 120, 8, 'ベーカリー', 'チョコチップ入り', 'active'),
(26, 'PRD-026', 'バタークッキー', '4901234567915', 2, '菓子', 300.00, 140.00, '箱', 120, 8, 'ベーカリー', 'バター風味豊か', 'active'),
(27, 'PRD-027', 'フルーツグミ', '4901234567916', 2, '菓子', 150.00, 70.00, '袋', 180, 9, 'キャンディ社', '果汁入り', 'active'),
(28, 'PRD-028', 'ソーダキャンディ', '4901234567917', 2, '菓子', 120.00, 55.00, '袋', 180, 9, 'キャンディ社', '爽やかな味', 'active'),
(29, 'PRD-029', 'アーモンド', '4901234567918', 2, '菓子', 380.00, 180.00, '袋', 180, 10, 'ナッツ商会', '素焼きアーモンド', 'active'),
(30, 'PRD-030', 'カシューナッツ', '4901234567919', 2, '菓子', 450.00, 210.00, '袋', 180, 10, 'ナッツ商会', '塩味カシューナッツ', 'active'),
(31, 'PRD-031', 'ツナサンド', '4901234567920', 3, '食品', 320.00, 160.00, '個', 2, 11, 'デリカ工房', 'ツナマヨネーズ', 'active'),
(32, 'PRD-032', 'ハムサンド', '4901234567921', 3, '食品', 300.00, 150.00, '個', 2, 11, 'デリカ工房', 'ロースハム使用', 'active'),
(33, 'PRD-033', '鮭おにぎり', '4901234567922', 3, '食品', 150.00, 75.00, '個', 1, 12, 'ライス工場', '焼き鮭入り', 'active'),
(34, 'PRD-034', '梅おにぎり', '4901234567923', 3, '食品', 140.00, 70.00, '個', 1, 12, 'ライス工場', '紀州南高梅', 'active'),
(35, 'PRD-035', 'シーザーサラダ', '4901234567924', 3, '食品', 320.00, 160.00, '個', 1, 13, 'フレッシュ農園', 'シーザードレッシング', 'active'),
(36, 'PRD-036', '和風サラダ', '4901234567925', 3, '食品', 300.00, 150.00, '個', 1, 13, 'フレッシュ農園', '和風ドレッシング', 'active'),
(37, 'PRD-037', '幕の内弁当', '4901234567926', 3, '食品', 650.00, 330.00, '個', 1, 14, '弁当屋', '和食弁当', 'active'),
(38, 'PRD-038', '唐揚げ弁当', '4901234567927', 3, '食品', 550.00, 280.00, '個', 1, 14, '弁当屋', 'ジューシー唐揚げ', 'active'),
(39, 'PRD-039', 'クロワッサン', '4901234567928', 3, '食品', 180.00, 80.00, '個', 3, 15, 'ベーカリー工房', 'バター香る', 'active'),
(40, 'PRD-040', 'メロンパン', '4901234567929', 3, '食品', 200.00, 90.00, '個', 3, 15, 'ベーカリー工房', 'サクサク食感', 'active'),
(41, 'PRD-041', 'カップラーメン醤油', '4901234567930', 3, '食品', 220.00, 100.00, '個', 180, 18, '麺類製造', '定番の醤油味', 'active'),
(42, 'PRD-042', 'カップラーメン味噌', '4901234567931', 3, '食品', 220.00, 100.00, '個', 180, 18, '麺類製造', 'コク深い味噌', 'active'),
(43, 'PRD-043', 'レトルトカレー甘口', '4901234567932', 3, '食品', 280.00, 130.00, '個', 365, 19, 'レトルト食品社', 'お子様向け', 'active'),
(44, 'PRD-044', 'レトルトカレー辛口', '4901234567933', 3, '食品', 300.00, 140.00, '個', 365, 19, 'レトルト食品社', 'スパイシー', 'active'),
(45, 'PRD-045', 'バニラアイス', '4901234567934', 2, '菓子', 250.00, 120.00, '個', 365, 20, 'アイス工房', '濃厚バニラ', 'active');

-- ----------------------------
-- 在庫データ
-- ----------------------------
INSERT INTO `retail_inventory` (`store_id`, `product_id`, `lot_number`, `quantity`, `min_stock`, `max_stock`, `expiry_date`, `location`, `status`) VALUES
-- 東京本店
(1, 1, 'LOT-2026-0101', 50, 20, 100, '2026-12-31', 'A-01', 'normal'),
(1, 2, 'LOT-2026-0102', 8, 15, 80, '2026-12-31', 'A-02', 'low'),
(1, 3, 'LOT-2026-0103', 200, 50, 300, '2027-12-31', 'B-01', 'normal'),
(1, 4, 'LOT-2026-0104', 5, 20, 100, '2026-12-31', 'B-02', 'low'),
(1, 5, 'LOT-2026-0105', 30, 15, 80, '2026-06-30', 'B-03', 'normal'),
(1, 6, 'LOT-2026-0106', 45, 20, 80, '2026-06-30', 'D-01', 'normal'),
(1, 7, 'LOT-2026-0107', 55, 25, 100, '2026-03-31', 'D-02', 'normal'),
(1, 8, 'LOT-2026-0108', 30, 15, 60, '2026-04-30', 'D-03', 'normal'),
(1, 9, 'LOT-2026-0109', 40, 20, 80, '2026-06-30', 'D-04', 'normal'),
(1, 10, 'LOT-2026-0110', 25, 15, 60, '2026-06-30', 'D-05', 'normal'),
(1, 11, 'LOT-2026-0111', 10, 20, 50, '2026-01-31', 'C-01', 'low'),
(1, 12, 'LOT-2026-0112', 25, 30, 80, '2026-01-30', 'C-02', 'low'),
(1, 13, 'LOT-2026-0113', 18, 15, 40, '2026-01-30', 'C-03', 'normal'),
(1, 14, 'LOT-2026-0114', 12, 10, 30, '2026-01-30', 'C-04', 'normal'),
(1, 15, 'LOT-2026-0115', 35, 20, 60, '2026-02-02', 'C-05', 'normal'),
(1, 16, 'LOT-2026-0116', 80, 30, 150, '2026-12-31', 'B-04', 'normal'),
(1, 17, 'LOT-2026-0117', 90, 40, 200, '2026-12-31', 'B-05', 'normal'),
(1, 18, 'LOT-2026-0118', 60, 25, 120, '2026-06-30', 'B-06', 'normal'),
(1, 19, 'LOT-2026-0119', 70, 30, 150, '2026-12-31', 'B-07', 'normal'),
(1, 20, 'LOT-2026-0120', 50, 20, 100, '2026-06-30', 'B-08', 'normal'),
-- 横浜駅前店
(2, 1, 'LOT-2026-0201', 45, 20, 100, '2026-12-31', 'A-01', 'normal'),
(2, 2, 'LOT-2026-0202', 35, 15, 80, '2026-12-31', 'A-02', 'normal'),
(2, 3, 'LOT-2026-0203', 180, 50, 300, '2027-12-31', 'B-01', 'normal'),
(2, 4, 'LOT-2026-0204', 55, 20, 100, '2026-12-31', 'B-02', 'normal'),
(2, 5, 'LOT-2026-0205', 40, 15, 80, '2026-06-30', 'B-03', 'normal'),
(2, 6, 'LOT-2026-0206', 60, 30, 120, '2026-06-30', 'D-01', 'normal'),
(2, 7, 'LOT-2026-0207', 12, 25, 100, '2026-03-31', 'D-02', 'low'),
(2, 8, 'LOT-2026-0208', 35, 15, 60, '2026-04-30', 'D-03', 'normal'),
(2, 9, 'LOT-2026-0209', 50, 20, 80, '2026-06-30', 'D-04', 'normal'),
(2, 10, 'LOT-2026-0210', 28, 15, 60, '2026-06-30', 'D-05', 'normal'),
(2, 11, 'LOT-2026-0211', 15, 20, 50, '2026-01-31', 'C-01', 'low'),
(2, 12, 'LOT-2026-0212', 35, 30, 80, '2026-01-30', 'C-02', 'normal'),
(2, 13, 'LOT-2026-0213', 20, 15, 40, '2026-01-30', 'C-03', 'normal'),
(2, 14, 'LOT-2026-0214', 14, 10, 30, '2026-01-30', 'C-04', 'normal'),
(2, 15, 'LOT-2026-0215', 40, 20, 60, '2026-02-02', 'C-05', 'normal'),
(2, 21, 'LOT-2026-0221', 50, 20, 80, '2026-06-30', 'D-06', 'normal'),
(2, 22, 'LOT-2026-0222', 45, 18, 75, '2026-06-30', 'D-07', 'normal'),
(2, 23, 'LOT-2026-0223', 38, 25, 100, '2026-03-31', 'D-08', 'normal'),
(2, 24, 'LOT-2026-0224', 42, 25, 100, '2026-03-31', 'D-09', 'normal'),
(2, 25, 'LOT-2026-0225', 32, 15, 60, '2026-04-30', 'D-10', 'normal'),
-- 名古屋栄店
(3, 1, 'LOT-2026-0301', 35, 20, 100, '2026-12-31', 'A-01', 'normal'),
(3, 2, 'LOT-2026-0302', 40, 15, 80, '2026-12-31', 'A-02', 'normal'),
(3, 3, 'LOT-2026-0303', 250, 50, 300, '2027-12-31', 'B-01', 'high'),
(3, 4, 'LOT-2026-0304', 60, 20, 100, '2026-12-31', 'B-02', 'normal'),
(3, 5, 'LOT-2026-0305', 35, 15, 80, '2026-06-30', 'B-03', 'normal'),
(3, 6, 'LOT-2026-0306', 55, 30, 120, '2026-06-30', 'D-01', 'normal'),
(3, 7, 'LOT-2026-0307', 48, 25, 100, '2026-03-31', 'D-02', 'normal'),
(3, 8, 'LOT-2026-0308', 40, 20, 80, '2026-04-30', 'D-03', 'normal'),
(3, 9, 'LOT-2026-0309', 52, 20, 80, '2026-06-30', 'D-04', 'normal'),
(3, 10, 'LOT-2026-0310', 32, 15, 60, '2026-06-30', 'D-05', 'normal'),
(3, 11, 'LOT-2026-0311', 18, 20, 50, '2026-01-31', 'C-01', 'low'),
(3, 12, 'LOT-2026-0312', 40, 30, 80, '2026-01-30', 'C-02', 'normal'),
(3, 13, 'LOT-2026-0313', 22, 15, 40, '2026-01-30', 'C-03', 'normal'),
(3, 14, 'LOT-2026-0314', 16, 10, 30, '2026-01-30', 'C-04', 'normal'),
(3, 15, 'LOT-2026-0315', 38, 20, 60, '2026-02-02', 'C-05', 'normal'),
(3, 26, 'LOT-2026-0326', 35, 15, 60, '2026-04-30', 'D-11', 'normal'),
(3, 27, 'LOT-2026-0327', 48, 20, 80, '2026-06-30', 'D-12', 'normal'),
(3, 28, 'LOT-2026-0328', 40, 18, 75, '2026-06-30', 'D-13', 'normal'),
(3, 29, 'LOT-2026-0329', 28, 15, 60, '2026-06-30', 'D-14', 'normal'),
(3, 30, 'LOT-2026-0330', 25, 12, 50, '2026-06-30', 'D-15', 'normal'),
-- 大阪梅田店
(4, 1, 'LOT-2026-0401', 48, 20, 100, '2026-12-31', 'A-01', 'normal'),
(4, 2, 'LOT-2026-0402', 55, 15, 80, '2026-12-31', 'A-02', 'normal'),
(4, 3, 'LOT-2026-0403', 220, 50, 300, '2027-12-31', 'B-01', 'normal'),
(4, 4, 'LOT-2026-0404', 70, 20, 100, '2026-12-31', 'B-02', 'normal'),
(4, 5, 'LOT-2026-0405', 45, 15, 80, '2026-06-30', 'B-03', 'normal'),
(4, 6, 'LOT-2026-0406', 65, 30, 120, '2026-06-30', 'D-01', 'normal'),
(4, 7, 'LOT-2026-0407', 52, 25, 100, '2026-03-31', 'D-02', 'normal'),
(4, 8, 'LOT-2026-0408', 38, 20, 80, '2026-04-30', 'D-03', 'normal'),
(4, 9, 'LOT-2026-0409', 45, 25, 100, '2026-06-30', 'D-04', 'normal'),
(4, 10, 'LOT-2026-0410', 35, 15, 60, '2026-06-30', 'D-05', 'normal'),
(4, 11, 'LOT-2026-0411', 22, 20, 50, '2026-01-31', 'C-01', 'normal'),
(4, 12, 'LOT-2026-0412', 45, 30, 80, '2026-01-30', 'C-02', 'normal'),
(4, 13, 'LOT-2026-0413', 25, 15, 40, '2026-01-30', 'C-03', 'normal'),
(4, 14, 'LOT-2026-0414', 18, 10, 30, '2026-01-30', 'C-04', 'normal'),
(4, 15, 'LOT-2026-0415', 42, 20, 60, '2026-02-02', 'C-05', 'normal'),
(4, 31, 'LOT-2026-0431', 16, 15, 40, '2026-01-31', 'C-06', 'normal'),
(4, 32, 'LOT-2026-0432', 14, 15, 40, '2026-01-31', 'C-07', 'low'),
(4, 33, 'LOT-2026-0433', 38, 25, 70, '2026-01-30', 'C-08', 'normal'),
(4, 34, 'LOT-2026-0434', 35, 25, 70, '2026-01-30', 'C-09', 'normal'),
(4, 35, 'LOT-2026-0435', 20, 12, 35, '2026-01-30', 'C-10', 'normal'),
-- 福岡天神店
(5, 1, 'LOT-2026-0501', 42, 20, 100, '2026-12-31', 'A-01', 'normal'),
(5, 2, 'LOT-2026-0502', 38, 15, 80, '2026-12-31', 'A-02', 'normal'),
(5, 3, 'LOT-2026-0503', 190, 50, 300, '2027-12-31', 'B-01', 'normal'),
(5, 4, 'LOT-2026-0504', 58, 20, 100, '2026-12-31', 'B-02', 'normal'),
(5, 5, 'LOT-2026-0505', 40, 15, 80, '2026-06-30', 'B-03', 'normal'),
(5, 6, 'LOT-2026-0506', 58, 30, 120, '2026-06-30', 'D-01', 'normal'),
(5, 7, 'LOT-2026-0507', 45, 25, 100, '2026-03-31', 'D-02', 'normal'),
(5, 8, 'LOT-2026-0508', 35, 20, 80, '2026-04-30', 'D-03', 'normal'),
(5, 9, 'LOT-2026-0509', 48, 25, 100, '2026-06-30', 'D-04', 'normal'),
(5, 10, 'LOT-2026-0510', 30, 15, 60, '2026-06-30', 'D-05', 'normal'),
(5, 11, 'LOT-2026-0511', 20, 20, 50, '2026-01-31', 'C-01', 'normal'),
(5, 12, 'LOT-2026-0512', 42, 30, 80, '2026-01-30', 'C-02', 'normal'),
(5, 13, 'LOT-2026-0513', 8, 15, 40, '2026-01-30', 'C-03', 'low'),
(5, 14, 'LOT-2026-0514', 15, 10, 30, '2026-01-30', 'C-04', 'normal'),
(5, 15, 'LOT-2026-0515', 40, 20, 60, '2026-02-02', 'C-05', 'normal'),
(5, 36, 'LOT-2026-0536', 18, 12, 35, '2026-01-30', 'C-11', 'normal'),
(5, 37, 'LOT-2026-0537', 10, 8, 25, '2026-01-30', 'C-12', 'normal'),
(5, 38, 'LOT-2026-0538', 12, 8, 25, '2026-01-30', 'C-13', 'normal'),
(5, 39, 'LOT-2026-0539', 32, 18, 50, '2026-02-02', 'C-14', 'normal'),
(5, 40, 'LOT-2026-0540', 28, 18, 50, '2026-02-02', 'C-15', 'normal'),
-- 札幌駅前店
(6, 1, 'LOT-2026-0601', 38, 20, 100, '2026-12-31', 'A-01', 'normal'),
(6, 3, 'LOT-2026-0603', 170, 50, 300, '2027-12-31', 'B-01', 'normal'),
(6, 16, 'LOT-2026-0616', 75, 30, 150, '2026-12-31', 'B-04', 'normal'),
(6, 17, 'LOT-2026-0617', 85, 40, 200, '2026-12-31', 'B-05', 'normal'),
(6, 41, 'LOT-2026-0641', 45, 20, 80, '2026-06-30', 'E-01', 'normal'),
(6, 42, 'LOT-2026-0642', 42, 20, 80, '2026-06-30', 'E-02', 'normal'),
(6, 43, 'LOT-2026-0643', 38, 15, 60, '2026-12-31', 'E-03', 'normal'),
(6, 44, 'LOT-2026-0644', 35, 15, 60, '2026-12-31', 'E-04', 'normal'),
(6, 45, 'LOT-2026-0645', 55, 25, 100, '2026-12-31', 'F-01', 'normal'),
-- 仙台一番町店
(7, 2, 'LOT-2026-0702', 42, 15, 80, '2026-12-31', 'A-02', 'normal'),
(7, 4, 'LOT-2026-0704', 62, 20, 100, '2026-12-31', 'B-02', 'normal'),
(7, 18, 'LOT-2026-0718', 55, 25, 120, '2026-06-30', 'B-06', 'normal'),
(7, 19, 'LOT-2026-0719', 65, 30, 150, '2026-12-31', 'B-07', 'normal'),
(7, 20, 'LOT-2026-0720', 48, 20, 100, '2026-06-30', 'B-08', 'normal');

-- ----------------------------
-- アラートデータ
-- ----------------------------
INSERT INTO `retail_alert` (`store_id`, `product_id`, `lot_number`, `alert_type`, `alert_message`, `alert_date`, `resolved`) VALUES
(1, 2, 'LOT-2026-0102', 'LOW_STOCK', '在庫切れ警告: オーガニックティー 現在在庫8個、発注点15個', '2026-01-29 10:30:00', 0),
(1, 4, 'LOT-2026-0104', 'LOW_STOCK', '在庫切れ警告: エナジードリンク 現在在庫5個、発注点20個', '2026-01-29 11:00:00', 0),
(1, 11, 'LOT-2026-0111', 'LOW_STOCK', '在庫切れ警告: サンドイッチ 現在在庫10個、発注点20個', '2026-01-29 08:00:00', 0),
(1, 11, 'LOT-2026-0111', 'EXPIRED', '賞味期限接近: サンドイッチ 賞味期限2026-01-31 残り2日', '2026-01-29 06:00:00', 0),
(1, 12, 'LOT-2026-0112', 'LOW_STOCK', '在庫切れ警告: おにぎり 現在在庫25個、発注点30個', '2026-01-29 09:00:00', 0),
(1, 12, 'LOT-2026-0112', 'EXPIRED', '賞味期限接近: おにぎり 賞味期限2026-01-30 残り1日', '2026-01-29 06:00:00', 0),
(2, 7, 'LOT-2026-0207', 'LOW_STOCK', '在庫切れ警告: ポテトチップス 現在在庫12個、発注点25個', '2026-01-29 12:00:00', 0),
(2, 11, 'LOT-2026-0211', 'LOW_STOCK', '在庫切れ警告: サンドイッチ 現在在庫15個、発注点20個', '2026-01-29 08:30:00', 0),
(2, 11, 'LOT-2026-0211', 'EXPIRED', '賞味期限接近: サンドイッチ 賞味期限2026-01-31 残り2日', '2026-01-29 06:00:00', 0),
(3, 11, 'LOT-2026-0311', 'LOW_STOCK', '在庫切れ警告: サンドイッチ 現在在庫18個、発注点20個', '2026-01-29 08:45:00', 0),
(3, 11, 'LOT-2026-0311', 'EXPIRED', '賞味期限接近: サンドイッチ 賞味期限2026-01-31 残り2日', '2026-01-29 06:00:00', 0),
(4, 32, 'LOT-2026-0432', 'LOW_STOCK', '在庫切れ警告: ハムサンド 現在在庫14個、発注点15個', '2026-01-29 09:15:00', 0),
(4, 32, 'LOT-2026-0432', 'EXPIRED', '賞味期限接近: ハムサンド 賞味期限2026-01-31 残り2日', '2026-01-29 06:00:00', 0),
(5, 13, 'LOT-2026-0513', 'LOW_STOCK', '在庫切れ警告: サラダ 現在在庫8個、発注点15個', '2026-01-29 10:00:00', 0),
(5, 13, 'LOT-2026-0513', 'EXPIRED', '賞味期限接近: サラダ 賞味期限2026-01-30 残り1日', '2026-01-29 06:00:00', 0),
(1, 13, 'LOT-2026-0113', 'EXPIRED', '賞味期限接近: サラダ 賞味期限2026-01-30 残り1日', '2026-01-29 06:00:00', 0),
(1, 14, 'LOT-2026-0114', 'EXPIRED', '賞味期限接近: 弁当 賞味期限2026-01-30 残り1日', '2026-01-29 06:00:00', 0),
(2, 13, 'LOT-2026-0213', 'EXPIRED', '賞味期限接近: サラダ 賞味期限2026-01-30 残り1日', '2026-01-29 06:00:00', 0),
(2, 14, 'LOT-2026-0214', 'EXPIRED', '賞味期限接近: 弁当 賞味期限2026-01-30 残り1日', '2026-01-29 06:00:00', 0),
(3, 13, 'LOT-2026-0313', 'EXPIRED', '賞味期限接近: サラダ 賞味期限2026-01-30 残り1日', '2026-01-29 06:00:00', 0),
(3, 14, 'LOT-2026-0314', 'EXPIRED', '賞味期限接近: 弁当 賞味期限2026-01-30 残り1日', '2026-01-29 06:00:00', 0),
(4, 13, 'LOT-2026-0413', 'EXPIRED', '賞味期限接近: サラダ 賞味期限2026-01-30 残り1日', '2026-01-29 06:00:00', 0),
(4, 14, 'LOT-2026-0414', 'EXPIRED', '賞味期限接近: 弁当 賞味期限2026-01-30 残り1日', '2026-01-29 06:00:00', 0),
(4, 31, 'LOT-2026-0431', 'EXPIRED', '賞味期限接近: ツナサンド 賞味期限2026-01-31 残り2日', '2026-01-29 06:00:00', 0),
(4, 33, 'LOT-2026-0433', 'EXPIRED', '賞味期限接近: 鮭おにぎり 賞味期限2026-01-30 残り1日', '2026-01-29 06:00:00', 0),
(4, 34, 'LOT-2026-0434', 'EXPIRED', '賞味期限接近: 梅おにぎり 賞味期限2026-01-30 残り1日', '2026-01-29 06:00:00', 0),
(4, 35, 'LOT-2026-0435', 'EXPIRED', '賞味期限接近: シーザーサラダ 賞味期限2026-01-30 残り1日', '2026-01-29 06:00:00', 0),
(5, 14, 'LOT-2026-0514', 'EXPIRED', '賞味期限接近: 弁当 賞味期限2026-01-30 残り1日', '2026-01-29 06:00:00', 0),
(5, 36, 'LOT-2026-0536', 'EXPIRED', '賞味期限接近: 和風サラダ 賞味期限2026-01-30 残り1日', '2026-01-29 06:00:00', 0),
(5, 37, 'LOT-2026-0537', 'EXPIRED', '賞味期限接近: 幕の内弁当 賞味期限2026-01-30 残り1日', '2026-01-29 06:00:00', 0),
(5, 38, 'LOT-2026-0538', 'EXPIRED', '賞味期限接近: 唐揚げ弁当 賞味期限2026-01-30 残り1日', '2026-01-29 06:00:00', 0),
-- 解決済みアラート
(1, 1, 'LOT-2026-0101', 'LOW_STOCK', '在庫切れ警告: プレミアムコーヒー 現在在庫50個、発注点20個', '2026-01-28 14:00:00', 1),
(2, 1, 'LOT-2026-0201', 'LOW_STOCK', '在庫切れ警告: プレミアムコーヒー 現在在庫45個、発注点20個', '2026-01-28 15:00:00', 1),
(3, 1, 'LOT-2026-0301', 'LOW_STOCK', '在庫切れ警告: プレミアムコーヒー 現在在庫35個、発注点20個', '2026-01-27 10:00:00', 1),
(4, 2, 'LOT-2026-0402', 'LOW_STOCK', '在庫切れ警告: オーガニックティー 現在在庫55個、発注点15個', '2026-01-26 11:00:00', 1),
(5, 5, 'LOT-2026-0505', 'LOW_STOCK', '在庫切れ警告: フルーツジュース 現在在庫40個、発注点15個', '2026-01-25 09:00:00', 1),
(1, 3, 'LOT-2026-0103', 'LOW_STOCK', '在庫切れ警告: ミネラルウォーター 現在在庫200個、発注点50個', '2026-01-24 13:00:00', 1),
(2, 3, 'LOT-2026-0203', 'LOW_STOCK', '在庫切れ警告: ミネラルウォーター 現在在庫180個、発注点50個', '2026-01-24 14:00:00', 1),
(3, 3, 'LOT-2026-0303', 'HIGH_STOCK', '過剰在庫警告: ミネラルウォーター 現在在庫250個、上限300個', '2026-01-23 10:00:00', 1),
(4, 4, 'LOT-2026-0404', 'LOW_STOCK', '在庫切れ警告: エナジードリンク 現在在庫70個、発注点20個', '2026-01-22 11:00:00', 1),
(5, 6, 'LOT-2026-0506', 'LOW_STOCK', '在庫切れ警告: チョコレートバー 現在在庫58個、発注点30個', '2026-01-21 12:00:00', 1),
(1, 7, 'LOT-2026-0107', 'LOW_STOCK', '在庫切れ警告: ポテトチップス 現在在庫55個、発注点25個', '2026-01-20 13:00:00', 1),
(2, 8, 'LOT-2026-0208', 'LOW_STOCK', '在庫切れ警告: クッキー詰め合わせ 現在在庫35個、発注点15個', '2026-01-19 14:00:00', 1),
(3, 9, 'LOT-2026-0309', 'LOW_STOCK', '在庫切れ警告: グミキャンディ 現在在庫52個、発注点20個', '2026-01-18 15:00:00', 1),
(4, 10, 'LOT-2026-0410', 'LOW_STOCK', '在庫切れ警告: ナッツミックス 現在在庫35個、発注点15個', '2026-01-17 16:00:00', 1);

-- ----------------------------
-- 売上データ（過去30日分）
-- ----------------------------
INSERT INTO `retail_sales` (`store_id`, `order_number`, `total_amount`, `payment_method`, `sale_timestamp`) VALUES
-- 2026-01-29
(1, 'ORD-20260129-001', 2850.00, 'CARD', '2026-01-29 10:15:00'),
(1, 'ORD-20260129-002', 1580.00, 'CASH', '2026-01-29 11:30:00'),
(1, 'ORD-20260129-003', 3200.00, 'QR', '2026-01-29 14:20:00'),
(1, 'ORD-20260129-004', 2100.00, 'CARD', '2026-01-29 16:45:00'),
(1, 'ORD-20260129-005', 1850.00, 'CASH', '2026-01-29 18:30:00'),
(2, 'ORD-20260129-006', 3200.00, 'QR', '2026-01-29 12:45:00'),
(2, 'ORD-20260129-007', 2750.00, 'CARD', '2026-01-29 15:10:00'),
(2, 'ORD-20260129-008', 1950.00, 'CASH', '2026-01-29 17:25:00'),
(3, 'ORD-20260129-009', 1950.00, 'CARD', '2026-01-29 13:20:00'),
(3, 'ORD-20260129-010', 2650.00, 'QR', '2026-01-29 15:40:00'),
(3, 'ORD-20260129-011', 3100.00, 'CARD', '2026-01-29 18:15:00'),
(4, 'ORD-20260129-012', 4100.00, 'CARD', '2026-01-29 14:10:00'),
(4, 'ORD-20260129-013', 3350.00, 'QR', '2026-01-29 16:30:00'),
(4, 'ORD-20260129-014', 2800.00, 'CASH', '2026-01-29 19:00:00'),
(5, 'ORD-20260129-015', 2950.00, 'CARD', '2026-01-29 13:50:00'),
(5, 'ORD-20260129-016', 3400.00, 'QR', '2026-01-29 16:20:00'),
(6, 'ORD-20260129-017', 2200.00, 'CARD', '2026-01-29 11:40:00'),
(6, 'ORD-20260129-018', 2850.00, 'CASH', '2026-01-29 14:55:00'),
(7, 'ORD-20260129-019', 3150.00, 'QR', '2026-01-29 12:30:00'),
(7, 'ORD-20260129-020', 2600.00, 'CARD', '2026-01-29 17:10:00'),
-- 2026-01-28
(1, 'ORD-20260128-001', 3500.00, 'CARD', '2026-01-28 09:30:00'),
(1, 'ORD-20260128-002', 2200.00, 'CASH', '2026-01-28 11:00:00'),
(1, 'ORD-20260128-003', 2950.00, 'QR', '2026-01-28 13:45:00'),
(1, 'ORD-20260128-004', 3300.00, 'CARD', '2026-01-28 16:20:00'),
(1, 'ORD-20260128-005', 1800.00, 'CASH', '2026-01-28 18:50:00'),
(2, 'ORD-20260128-006', 2800.00, 'QR', '2026-01-28 13:15:00'),
(2, 'ORD-20260128-007', 3150.00, 'CARD', '2026-01-28 15:30:00'),
(2, 'ORD-20260128-008', 2400.00, 'CASH', '2026-01-28 17:45:00'),
(3, 'ORD-20260128-009', 3100.00, 'CARD', '2026-01-28 15:30:00'),
(3, 'ORD-20260128-010', 2850.00, 'QR', '2026-01-28 17:00:00'),
(3, 'ORD-20260128-011', 3450.00, 'CASH', '2026-01-28 19:15:00'),
(4, 'ORD-20260128-012', 2650.00, 'CASH', '2026-01-28 16:45:00'),
(4, 'ORD-20260128-013', 3900.00, 'CARD', '2026-01-28 18:20:00'),
(4, 'ORD-20260128-014', 3200.00, 'QR', '2026-01-28 20:00:00'),
(5, 'ORD-20260128-015', 2750.00, 'CARD', '2026-01-28 14:40:00'),
(5, 'ORD-20260128-016', 3550.00, 'QR', '2026-01-28 17:30:00'),
(6, 'ORD-20260128-017', 2100.00, 'CASH', '2026-01-28 10:50:00'),
(6, 'ORD-20260128-018', 2950.00, 'CARD', '2026-01-28 15:20:00'),
(7, 'ORD-20260128-019', 3250.00, 'QR', '2026-01-28 13:40:00'),
(7, 'ORD-20260128-020', 2800.00, 'CARD', '2026-01-28 18:00:00'),
-- 2026-01-27
(1, 'ORD-20260127-001', 2900.00, 'CARD', '2026-01-27 10:00:00'),
(1, 'ORD-20260127-002', 3400.00, 'QR', '2026-01-27 12:30:00'),
(1, 'ORD-20260127-003', 2150.00, 'CASH', '2026-01-27 15:20:00'),
(1, 'ORD-20260127-004', 3650.00, 'CARD', '2026-01-27 17:40:00'),
(2, 'ORD-20260127-005', 3300.00, 'QR', '2026-01-27 12:30:00'),
(2, 'ORD-20260127-006', 2850.00, 'CARD', '2026-01-27 14:50:00'),
(2, 'ORD-20260127-007', 3100.00, 'CASH', '2026-01-27 17:15:00'),
(3, 'ORD-20260127-008', 2750.00, 'CARD', '2026-01-27 14:00:00'),
(3, 'ORD-20260127-009', 3200.00, 'QR', '2026-01-27 16:30:00'),
(3, 'ORD-20260127-010', 2950.00, 'CASH', '2026-01-27 18:45:00'),
(4, 'ORD-20260127-011', 3850.00, 'CASH', '2026-01-27 16:20:00'),
(4, 'ORD-20260127-012', 3400.00, 'CARD', '2026-01-27 18:50:00'),
(4, 'ORD-20260127-013', 2900.00, 'QR', '2026-01-27 20:30:00'),
(5, 'ORD-20260127-014', 2400.00, 'CARD', '2026-01-27 17:45:00'),
(5, 'ORD-20260127-015', 3150.00, 'QR', '2026-01-27 19:20:00'),
(6, 'ORD-20260127-016', 2650.00, 'CARD', '2026-01-27 11:30:00'),
(6, 'ORD-20260127-017', 3050.00, 'CASH', '2026-01-27 14:40:00'),
(7, 'ORD-20260127-018', 2800.00, 'QR', '2026-01-27 13:10:00'),
(7, 'ORD-20260127-019', 3350.00, 'CARD', '2026-01-27 16:50:00'),
(8, 'ORD-20260127-020', 2550.00, 'CASH', '2026-01-27 15:30:00'),
-- 2026-01-26
(1, 'ORD-20260126-001', 3200.00, 'CARD', '2026-01-26 09:45:00'),
(1, 'ORD-20260126-002', 2650.00, 'CASH', '2026-01-26 12:10:00'),
(1, 'ORD-20260126-003', 3800.00, 'QR', '2026-01-26 14:35:00'),
(1, 'ORD-20260126-004', 2200.00, 'CARD', '2026-01-26 17:00:00'),
(2, 'ORD-20260126-005', 2850.00, 'CASH', '2026-01-26 11:30:00'),
(2, 'ORD-20260126-006', 3400.00, 'QR', '2026-01-26 13:50:00'),
(2, 'ORD-20260126-007', 2950.00, 'CARD', '2026-01-26 16:20:00'),
(3, 'ORD-20260126-008', 3450.00, 'QR', '2026-01-26 13:00:00'),
(3, 'ORD-20260126-009', 2800.00, 'CARD', '2026-01-26 15:40:00'),
(3, 'ORD-20260126-010', 3150.00, 'CASH', '2026-01-26 18:10:00'),
(4, 'ORD-20260126-011', 2950.00, 'CARD', '2026-01-26 15:15:00'),
(4, 'ORD-20260126-012', 3600.00, 'QR', '2026-01-26 17:45:00'),
(4, 'ORD-20260126-013', 3250.00, 'CASH', '2026-01-26 19:30:00'),
(5, 'ORD-20260126-014', 3100.00, 'CASH', '2026-01-26 17:00:00'),
(5, 'ORD-20260126-015', 2850.00, 'CARD', '2026-01-26 19:15:00'),
(6, 'ORD-20260126-016', 2400.00, 'QR', '2026-01-26 10:20:00'),
(6, 'ORD-20260126-017', 3200.00, 'CARD', '2026-01-26 13:50:00'),
(7, 'ORD-20260126-018', 2900.00, 'CASH', '2026-01-26 12:40:00'),
(7, 'ORD-20260126-019', 3450.00, 'QR', '2026-01-26 15:30:00'),
(8, 'ORD-20260126-020', 2750.00, 'CARD', '2026-01-26 14:20:00'),
-- 2026-01-25
(1, 'ORD-20260125-001', 2700.00, 'CARD', '2026-01-25 10:20:00'),
(1, 'ORD-20260125-002', 3250.00, 'QR', '2026-01-25 13:00:00'),
(1, 'ORD-20260125-003', 2450.00, 'CASH', '2026-01-25 15:40:00'),
(1, 'ORD-20260125-004', 3600.00, 'CARD', '2026-01-25 18:10:00'),
(2, 'ORD-20260125-005', 3050.00, 'QR', '2026-01-25 12:00:00'),
(2, 'ORD-20260125-006', 2800.00, 'CARD', '2026-01-25 14:30:00'),
(2, 'ORD-20260125-007', 3350.00, 'CASH', '2026-01-25 17:00:00'),
(3, 'ORD-20260125-008', 2600.00, 'CARD', '2026-01-25 14:30:00'),
(3, 'ORD-20260125-009', 3100.00, 'QR', '2026-01-25 16:50:00'),
(3, 'ORD-20260125-010', 2850.00, 'CASH', '2026-01-25 19:20:00'),
(4, 'ORD-20260125-011', 3400.00, 'CASH', '2026-01-25 16:00:00'),
(4, 'ORD-20260125-012', 3150.00, 'CARD', '2026-01-25 18:30:00'),
(4, 'ORD-20260125-013', 2900.00, 'QR', '2026-01-25 20:15:00'),
(5, 'ORD-20260125-014', 2850.00, 'CARD', '2026-01-25 18:00:00'),
(5, 'ORD-20260125-015', 3200.00, 'QR', '2026-01-25 19:45:00'),
(6, 'ORD-20260125-016', 2550.00, 'CASH', '2026-01-25 11:10:00'),
(6, 'ORD-20260125-017', 3100.00, 'CARD', '2026-01-25 14:30:00'),
(7, 'ORD-20260125-018', 2950.00, 'QR', '2026-01-25 13:20:00'),
(7, 'ORD-20260125-019', 3400.00, 'CARD', '2026-01-25 16:40:00'),
(8, 'ORD-20260125-020', 2700.00, 'CASH', '2026-01-25 15:50:00'),
-- 2026-01-24
(1, 'ORD-20260124-001', 3100.00, 'CARD', '2026-01-24 09:30:00'),
(1, 'ORD-20260124-002', 2750.00, 'CASH', '2026-01-24 11:50:00'),
(1, 'ORD-20260124-003', 3450.00, 'QR', '2026-01-24 14:20:00'),
(1, 'ORD-20260124-004', 2300.00, 'CARD', '2026-01-24 16:50:00'),
(2, 'ORD-20260124-005', 2950.00, 'CASH', '2026-01-24 11:45:00'),
(2, 'ORD-20260124-006', 3300.00, 'QR', '2026-01-24 14:10:00'),
(2, 'ORD-20260124-007', 2850.00, 'CARD', '2026-01-24 16:40:00'),
(3, 'ORD-20260124-008', 3250.00, 'QR', '2026-01-24 13:30:00'),
(3, 'ORD-20260124-009', 2900.00, 'CARD', '2026-01-24 16:00:00'),
(3, 'ORD-20260124-010', 3050.00, 'CASH', '2026-01-24 18:30:00'),
(4, 'ORD-20260124-011', 2800.00, 'CARD', '2026-01-24 15:45:00'),
(4, 'ORD-20260124-012', 3500.00, 'QR', '2026-01-24 18:15:00'),
(4, 'ORD-20260124-013', 3100.00, 'CASH', '2026-01-24 20:00:00'),
(5, 'ORD-20260124-014', 3150.00, 'CASH', '2026-01-24 17:30:00'),
(5, 'ORD-20260124-015', 2950.00, 'CARD', '2026-01-24 19:50:00'),
(6, 'ORD-20260124-016', 2650.00, 'QR', '2026-01-24 10:40:00'),
(6, 'ORD-20260124-017', 3250.00, 'CARD', '2026-01-24 13:20:00'),
(7, 'ORD-20260124-018', 2800.00, 'CASH', '2026-01-24 12:50:00'),
(7, 'ORD-20260124-019', 3350.00, 'QR', '2026-01-24 15:40:00'),
(8, 'ORD-20260124-020', 2900.00, 'CARD', '2026-01-24 14:30:00'),
-- 2026-01-23
(1, 'ORD-20260123-001', 2850.00, 'CARD', '2026-01-23 10:00:00'),
(1, 'ORD-20260123-002', 3150.00, 'QR', '2026-01-23 12:40:00'),
(1, 'ORD-20260123-003', 2600.00, 'CASH', '2026-01-23 15:10:00'),
(1, 'ORD-20260123-004', 3400.00, 'CARD', '2026-01-23 17:50:00'),
(2, 'ORD-20260123-005', 3200.00, 'QR', '2026-01-23 12:15:00'),
(2, 'ORD-20260123-006', 2900.00, 'CARD', '2026-01-23 14:45:00'),
(2, 'ORD-20260123-007', 3250.00, 'CASH', '2026-01-23 17:20:00'),
(3, 'ORD-20260123-008', 2700.00, 'CARD', '2026-01-23 14:00:00'),
(3, 'ORD-20260123-009', 3300.00, 'QR', '2026-01-23 16:30:00'),
(3, 'ORD-20260123-010', 2950.00, 'CASH', '2026-01-23 19:00:00'),
(4, 'ORD-20260123-011', 3500.00, 'CASH', '2026-01-23 16:30:00'),
(4, 'ORD-20260123-012', 3200.00, 'CARD', '2026-01-23 19:00:00'),
(4, 'ORD-20260123-013', 2850.00, 'QR', '2026-01-23 20:45:00'),
(5, 'ORD-20260123-014', 2950.00, 'CARD', '2026-01-23 18:15:00'),
(5, 'ORD-20260123-015', 3300.00, 'QR', '2026-01-23 20:00:00'),
(6, 'ORD-20260123-016', 2500.00, 'CASH', '2026-01-23 11:20:00'),
(6, 'ORD-20260123-017', 3150.00, 'CARD', '2026-01-23 14:50:00'),
(7, 'ORD-20260123-018', 2850.00, 'QR', '2026-01-23 13:30:00'),
(7, 'ORD-20260123-019', 3450.00, 'CARD', '2026-01-23 16:20:00'),
(8, 'ORD-20260123-020', 2750.00, 'CASH', '2026-01-23 15:40:00');
