-- ===========================
-- Smart Retail デモ用仮データ
-- 対応スキーマ: retail_v0.5.sql
-- ===========================
use youlai_boot;

-- 既存データを削除してから挿入（FK制約を考慮した順序）
DELETE FROM `retail_sales_detail` WHERE sales_id IN (SELECT id FROM `retail_sales` WHERE store_id BETWEEN 1 AND 30);
DELETE FROM `retail_sales` WHERE store_id BETWEEN 1 AND 30;
DELETE FROM `retail_alert` WHERE store_id BETWEEN 1 AND 30;
DELETE FROM `retail_inventory_transaction` WHERE store_id BETWEEN 1 AND 30;
DELETE FROM `retail_inventory` WHERE store_id BETWEEN 1 AND 30;
DELETE FROM `retail_device` WHERE store_id BETWEEN 1 AND 30;
DELETE FROM `retail_product` WHERE id BETWEEN 1 AND 45;
DELETE FROM `retail_store` WHERE id BETWEEN 1 AND 30;
DELETE FROM `retail_category` WHERE id BETWEEN 1 AND 38;

-- ----------------------------
-- カテゴリマスタデータ
-- ----------------------------
INSERT INTO `retail_category` (`id`, `category_code`, `category_name`, `parent_id`, `sort_order`, `description`, `status`) VALUES
(1, 'CAT-001', '飲料', NULL, 1, '飲料全般', 'active'),
(2, 'CAT-002', '菓子', NULL, 2, '菓子類全般', 'active'),
(3, 'CAT-003', '食品', NULL, 3, '食品全般', 'active'),
(4, 'CAT-004', '日用品', NULL, 4, '日用品全般', 'active'),
(5, 'CAT-005', '冷凍食品', NULL, 5, '冷凍食品全般', 'active'),
(6, 'CAT-006', '乳製品', NULL, 6, '乳製品全般', 'active'),
(7, 'CAT-007', '調味料', NULL, 7, '調味料全般', 'active'),
(8, 'CAT-008', 'アルコール', NULL, 8, 'アルコール飲料', 'active'),
(9, 'CAT-101', 'コーヒー・紅茶', 1, 11, 'コーヒー、紅茶、お茶類', 'active'),
(10, 'CAT-102', 'ソフトドリンク', 1, 12, 'ジュース、炭酸飲料、水', 'active'),
(11, 'CAT-103', 'エナジードリンク', 1, 13, 'エナジー系飲料', 'active'),
(12, 'CAT-104', 'スポーツドリンク', 1, 14, 'スポーツ飲料', 'active'),
(13, 'CAT-201', 'チョコレート', 2, 21, 'チョコレート菓子', 'active'),
(14, 'CAT-202', 'スナック', 2, 22, 'ポテトチップス等', 'active'),
(15, 'CAT-203', 'キャンディ・グミ', 2, 23, 'キャンディ、グミ類', 'active'),
(16, 'CAT-204', 'ビスケット', 2, 24, 'ビスケット、クッキー類', 'active'),
(17, 'CAT-205', '和菓子', 2, 25, '和菓子類', 'active'),
(18, 'CAT-206', 'アイスクリーム', 2, 26, 'アイスクリーム類', 'active'),
(19, 'CAT-301', '弁当・おにぎり', 3, 31, '弁当、おにぎり、サンドイッチ', 'active'),
(20, 'CAT-302', 'パン', 3, 32, 'パン類', 'active'),
(21, 'CAT-303', 'サラダ', 3, 33, 'サラダ類', 'active'),
(22, 'CAT-304', '麺類', 3, 34, 'カップ麺、インスタント麺', 'active'),
(23, 'CAT-305', 'レトルト食品', 3, 35, 'レトルトカレー等', 'active'),
(24, 'CAT-401', '洗剤', 4, 41, '洗濯洗剤、食器洗剤', 'active'),
(25, 'CAT-402', 'ティッシュ・トイレットペーパー', 4, 42, '紙製品', 'active'),
(26, 'CAT-403', 'バス・トイレ用品', 4, 43, 'バス・トイレ用品', 'active'),
(27, 'CAT-404', '文房具', 4, 44, '文房具類', 'active'),
(28, 'CAT-501', '冷凍野菜', 5, 51, '冷凍野菜類', 'active'),
(29, 'CAT-502', '冷凍肉・魚', 5, 52, '冷凍肉・魚類', 'active'),
(30, 'CAT-503', '冷凍デザート', 5, 53, '冷凍デザート類', 'active'),
(31, 'CAT-601', '牛乳', 6, 61, '牛乳類', 'active'),
(32, 'CAT-602', 'ヨーグルト', 6, 62, 'ヨーグルト類', 'active'),
(33, 'CAT-603', 'チーズ', 6, 63, 'チーズ類', 'active'),
(34, 'CAT-701', '醤油・味噌', 7, 71, '醤油、味噌類', 'active'),
(35, 'CAT-702', 'ソース・ドレッシング', 7, 72, 'ソース、ドレッシング類', 'active'),
(36, 'CAT-801', 'ビール', 8, 81, 'ビール類', 'active'),
(37, 'CAT-802', 'ワイン', 8, 82, 'ワイン類', 'active'),
(38, 'CAT-803', '日本酒・焼酎', 8, 83, '日本酒、焼酎類', 'active');

-- ----------------------------
-- 店舗マスタデータ
-- ----------------------------
INSERT INTO `retail_store` (`id`, `store_code`, `store_name`, `address`, `phone`, `manager`, `status`, `opening_hours`) VALUES
(1, 'ST001', '東京本店', '東京都千代田区丸の内1-1-1', '03-1234-5678', '山田太郎', 'ONLINE', '9:00-21:00'),
(2, 'ST002', '横浜駅前店', '神奈川県横浜市西区高島2-19-12', '045-1234-5678', '佐藤花子', 'ONLINE', '10:00-22:00'),
(3, 'ST003', '名古屋栄店', '愛知県名古屋市中区栄3-4-5', '052-1234-5678', '鈴木一郎', 'ONLINE', '10:00-21:00'),
(4, 'ST004', '大阪梅田店', '大阪府大阪市北区梅田1-1-3', '06-1234-5678', '田中美咲', 'ONLINE', '10:00-22:00'),
(5, 'ST005', '福岡天神店', '福岡県福岡市中央区天神2-1-1', '092-1234-5678', '高橋健太', 'ONLINE', '10:00-21:00'),
(6, 'ST006', '札幌駅前店', '北海道札幌市中央区北5条西2-5', '011-1234-5678', '伊藤さくら', 'ONLINE', '9:00-20:00'),
(7, 'ST007', '仙台一番町店', '宮城県仙台市青葉区一番町3-8-8', '022-1234-5678', '渡辺大輔', 'ONLINE', '10:00-21:00'),
(8, 'ST008', '広島本通店', '広島県広島市中区本通10-1', '082-1234-5678', '中村由美', 'ONLINE', '10:00-21:00'),
(9, 'ST009', '京都四条店', '京都府京都市下京区四条通烏丸東入', '075-1234-5678', '小林誠', 'ONLINE', '10:00-20:00'),
(10, 'ST010', '神戸三宮店', '兵庫県神戸市中央区三宮町1-5-1', '078-1234-5678', '加藤愛', 'ONLINE', '10:00-21:00'),
(11, 'ST011', '新宿西口店', '東京都新宿区西新宿1-1-1', '03-2234-5678', '松本健', 'ONLINE', '9:00-23:00'),
(12, 'ST012', '池袋東口店', '東京都豊島区南池袋1-28-1', '03-3234-5678', '木村美穂', 'ONLINE', '10:00-22:00'),
(13, 'ST013', '渋谷センター街店', '東京都渋谷区宇田川町21-1', '03-4234-5678', '林大樹', 'ONLINE', '10:00-23:00'),
(14, 'ST014', '川崎駅前店', '神奈川県川崎市川崎区駅前本町8', '044-1234-5678', '森田真理', 'ONLINE', '10:00-22:00'),
(15, 'ST015', '千葉駅前店', '千葉県千葉市中央区新町1000', '043-1234-5678', '井上拓也', 'ONLINE', '10:00-21:00'),
(16, 'ST016', '大宮駅前店', '埼玉県さいたま市大宮区桜木町1-6-2', '048-1234-5678', '清水優子', 'ONLINE', '10:00-22:00'),
(17, 'ST017', '静岡駅前店', '静岡県静岡市葵区御幸町11-30', '054-1234-5678', '山口隆', 'ONLINE', '10:00-21:00'),
(18, 'ST018', '浜松駅前店', '静岡県浜松市中区砂山町320-2', '053-1234-5678', '斉藤恵', 'ONLINE', '10:00-21:00'),
(19, 'ST019', '金沢駅前店', '石川県金沢市木ノ新保町1-1', '076-1234-5678', '中島修', 'ONLINE', '10:00-21:00'),
(20, 'ST020', '新潟駅前店', '新潟県新潟市中央区花園1-1-1', '025-1234-5678', '橋本彩', 'ONLINE', '10:00-21:00'),
(21, 'ST021', '岡山駅前店', '岡山県岡山市北区駅元町1-1', '086-1234-5678', '藤田浩二', 'ONLINE', '10:00-21:00'),
(22, 'ST022', '松山駅前店', '愛媛県松山市湊町5-1-1', '089-1234-5678', '吉田明美', 'ONLINE', '10:00-21:00'),
(23, 'ST023', '高松駅前店', '香川県高松市浜ノ町1-20', '087-1234-5678', '村上直樹', 'ONLINE', '10:00-21:00'),
(24, 'ST024', '鹿児島中央店', '鹿児島県鹿児島市中央町1-1', '099-1234-5678', '石川麻衣', 'ONLINE', '10:00-21:00'),
(25, 'ST025', '熊本駅前店', '熊本県熊本市西区春日3-15-30', '096-1234-5678', '大野雄一', 'ONLINE', '10:00-21:00'),
(26, 'ST026', '長崎駅前店', '長崎県長崎市尾上町1-1', '095-1234-5678', '前田千春', 'ONLINE', '10:00-21:00'),
(27, 'ST027', '那覇国際通り店', '沖縄県那覇市牧志1-2-31', '098-1234-5678', '宮城太一', 'ONLINE', '10:00-22:00'),
(28, 'ST028', '青森駅前店', '青森県青森市新町1-3-7', '017-1234-5678', '佐々木美紀', 'ONLINE', '10:00-21:00'),
(29, 'ST029', '盛岡駅前店', '岩手県盛岡市盛岡駅前通1-44', '019-1234-5678', '菊地和也', 'ONLINE', '10:00-21:00'),
(30, 'ST030', '秋田駅前店', '秋田県秋田市中通7-1-2', '018-1234-5678', '遠藤理恵', 'OFFLINE', '10:00-21:00');

-- ----------------------------
-- 商品マスタデータ（v0.5: reorder_point, max_stock 追加）
-- ----------------------------
INSERT INTO `retail_product` (`id`, `product_code`, `product_name`, `barcode`, `category_id`, `category_name`, `unit_price`, `cost_price`, `unit`, `reorder_point`, `max_stock`, `shelf_life_days`, `supplier_id`, `supplier_name`, `description`, `status`) VALUES
(1, 'PRD-001', 'プレミアムコーヒー', '4901234567890', 1, '飲料', 450.00, 200.00, '個', 20, 100, 365, 1, 'コーヒー商事', '厳選豆使用の高級コーヒー', 'active'),
(2, 'PRD-002', 'オーガニックティー', '4901234567891', 1, '飲料', 380.00, 180.00, '個', 15, 80, 365, 2, 'ティーワールド', '有機栽培茶葉100%', 'active'),
(3, 'PRD-003', 'ミネラルウォーター', '4901234567892', 1, '飲料', 120.00, 50.00, '本', 50, 300, 730, 3, '天然水業', '天然ミネラル豊富', 'active'),
(4, 'PRD-004', 'エナジードリンク', '4901234567893', 1, '飲料', 280.00, 120.00, '本', 20, 100, 365, 4, 'エナジー社', 'カフェイン配合', 'active'),
(5, 'PRD-005', 'フルーツジュース', '4901234567894', 1, '飲料', 250.00, 110.00, '本', 15, 80, 180, 5, 'フルーツ農園', '果汁100%', 'active'),
(6, 'PRD-006', 'チョコレートバー', '4901234567895', 2, '菓子', 180.00, 80.00, '個', 30, 120, 180, 6, 'スイーツ工房', 'カカオ70%', 'active'),
(7, 'PRD-007', 'ポテトチップス', '4901234567896', 2, '菓子', 150.00, 70.00, '袋', 25, 100, 90, 7, 'スナック製造', '国産じゃがいも使用', 'active'),
(8, 'PRD-008', 'クッキー詰め合わせ', '4901234567897', 2, '菓子', 320.00, 150.00, '箱', 15, 60, 120, 8, 'ベーカリー', '手作り風味', 'active'),
(9, 'PRD-009', 'グミキャンディ', '4901234567898', 2, '菓子', 130.00, 60.00, '袋', 20, 80, 180, 9, 'キャンディ社', 'ビタミンC配合', 'active'),
(10, 'PRD-010', 'ナッツミックス', '4901234567899', 2, '菓子', 420.00, 200.00, '袋', 15, 60, 180, 10, 'ナッツ商会', '無塩ロースト', 'active'),
(11, 'PRD-011', 'サンドイッチ', '4901234567900', 3, '食品', 350.00, 180.00, '個', 20, 50, 2, 11, 'デリカ工房', '新鮮野菜使用', 'active'),
(12, 'PRD-012', 'おにぎり', '4901234567901', 3, '食品', 180.00, 90.00, '個', 30, 80, 1, 12, 'ライス工場', '国産米100%', 'active'),
(13, 'PRD-013', 'サラダ', '4901234567902', 3, '食品', 280.00, 140.00, '個', 15, 40, 1, 13, 'フレッシュ農園', '有機野菜', 'active'),
(14, 'PRD-014', '弁当', '4901234567903', 3, '食品', 580.00, 300.00, '個', 10, 30, 1, 14, '弁当屋', '日替わりメニュー', 'active'),
(15, 'PRD-015', 'パン', '4901234567904', 3, '食品', 220.00, 100.00, '個', 20, 60, 3, 15, 'ベーカリー工房', '焼きたて', 'active'),
(16, 'PRD-016', '緑茶ペットボトル', '4901234567905', 1, '飲料', 150.00, 70.00, '本', 30, 150, 365, 2, 'ティーワールド', '国産茶葉使用', 'active'),
(17, 'PRD-017', 'コーラ', '4901234567906', 1, '飲料', 140.00, 60.00, '本', 40, 200, 365, 16, '炭酸飲料社', '爽快な炭酸', 'active'),
(18, 'PRD-018', 'オレンジジュース', '4901234567907', 1, '飲料', 200.00, 90.00, '本', 25, 120, 180, 5, 'フルーツ農園', 'バレンシアオレンジ', 'active'),
(19, 'PRD-019', 'スポーツドリンク', '4901234567908', 1, '飲料', 180.00, 80.00, '本', 30, 150, 365, 17, 'スポーツ飲料社', '電解質補給', 'active'),
(20, 'PRD-020', 'アイスコーヒー', '4901234567909', 1, '飲料', 200.00, 90.00, '本', 20, 100, 180, 1, 'コーヒー商事', '無糖タイプ', 'active'),
(21, 'PRD-021', 'ミルクチョコレート', '4901234567910', 2, '菓子', 200.00, 90.00, '個', 20, 80, 180, 6, 'スイーツ工房', 'まろやかな味わい', 'active'),
(22, 'PRD-022', 'ビターチョコレート', '4901234567911', 2, '菓子', 220.00, 100.00, '個', 18, 75, 180, 6, 'スイーツ工房', 'カカオ85%', 'active'),
(23, 'PRD-023', 'のり塩ポテトチップス', '4901234567912', 2, '菓子', 150.00, 70.00, '袋', 25, 100, 90, 7, 'スナック製造', '青のり風味', 'active'),
(24, 'PRD-024', 'コンソメポテトチップス', '4901234567913', 2, '菓子', 150.00, 70.00, '袋', 25, 100, 90, 7, 'スナック製造', 'コンソメ味', 'active'),
(25, 'PRD-025', 'チョコクッキー', '4901234567914', 2, '菓子', 280.00, 130.00, '箱', 15, 60, 120, 8, 'ベーカリー', 'チョコチップ入り', 'active'),
(26, 'PRD-026', 'バタークッキー', '4901234567915', 2, '菓子', 300.00, 140.00, '箱', 15, 60, 120, 8, 'ベーカリー', 'バター風味豊か', 'active'),
(27, 'PRD-027', 'フルーツグミ', '4901234567916', 2, '菓子', 150.00, 70.00, '袋', 20, 80, 180, 9, 'キャンディ社', '果汁入り', 'active'),
(28, 'PRD-028', 'ソーダキャンディ', '4901234567917', 2, '菓子', 120.00, 55.00, '袋', 18, 75, 180, 9, 'キャンディ社', '爽やかな味', 'active'),
(29, 'PRD-029', 'アーモンド', '4901234567918', 2, '菓子', 380.00, 180.00, '袋', 15, 60, 180, 10, 'ナッツ商会', '素焼きアーモンド', 'active'),
(30, 'PRD-030', 'カシューナッツ', '4901234567919', 2, '菓子', 450.00, 210.00, '袋', 12, 50, 180, 10, 'ナッツ商会', '塩味カシューナッツ', 'active'),
(31, 'PRD-031', 'ツナサンド', '4901234567920', 3, '食品', 320.00, 160.00, '個', 15, 40, 2, 11, 'デリカ工房', 'ツナマヨネーズ', 'active'),
(32, 'PRD-032', 'ハムサンド', '4901234567921', 3, '食品', 300.00, 150.00, '個', 15, 40, 2, 11, 'デリカ工房', 'ロースハム使用', 'active'),
(33, 'PRD-033', '鮭おにぎり', '4901234567922', 3, '食品', 150.00, 75.00, '個', 25, 70, 1, 12, 'ライス工場', '焼き鮭入り', 'active'),
(34, 'PRD-034', '梅おにぎり', '4901234567923', 3, '食品', 140.00, 70.00, '個', 25, 70, 1, 12, 'ライス工場', '紀州南高梅', 'active'),
(35, 'PRD-035', 'シーザーサラダ', '4901234567924', 3, '食品', 320.00, 160.00, '個', 12, 35, 1, 13, 'フレッシュ農園', 'シーザードレッシング', 'active'),
(36, 'PRD-036', '和風サラダ', '4901234567925', 3, '食品', 300.00, 150.00, '個', 12, 35, 1, 13, 'フレッシュ農園', '和風ドレッシング', 'active'),
(37, 'PRD-037', '幕の内弁当', '4901234567926', 3, '食品', 650.00, 330.00, '個', 8, 25, 1, 14, '弁当屋', '和食弁当', 'active'),
(38, 'PRD-038', '唐揚げ弁当', '4901234567927', 3, '食品', 550.00, 280.00, '個', 8, 25, 1, 14, '弁当屋', 'ジューシー唐揚げ', 'active'),
(39, 'PRD-039', 'クロワッサン', '4901234567928', 3, '食品', 180.00, 80.00, '個', 18, 50, 3, 15, 'ベーカリー工房', 'バター香る', 'active'),
(40, 'PRD-040', 'メロンパン', '4901234567929', 3, '食品', 200.00, 90.00, '個', 18, 50, 3, 15, 'ベーカリー工房', 'サクサク食感', 'active'),
(41, 'PRD-041', 'カップラーメン醤油', '4901234567930', 3, '食品', 220.00, 100.00, '個', 20, 80, 180, 18, '麺類製造', '定番の醤油味', 'active'),
(42, 'PRD-042', 'カップラーメン味噌', '4901234567931', 3, '食品', 220.00, 100.00, '個', 20, 80, 180, 18, '麺類製造', 'コク深い味噌', 'active'),
(43, 'PRD-043', 'レトルトカレー甘口', '4901234567932', 3, '食品', 280.00, 130.00, '個', 15, 60, 365, 19, 'レトルト食品社', 'お子様向け', 'active'),
(44, 'PRD-044', 'レトルトカレー辛口', '4901234567933', 3, '食品', 300.00, 140.00, '個', 15, 60, 365, 19, 'レトルト食品社', 'スパイシー', 'active'),
(45, 'PRD-045', 'バニラアイス', '4901234567934', 2, '菓子', 250.00, 120.00, '個', 25, 100, 365, 20, 'アイス工房', '濃厚バニラ', 'active');

-- ----------------------------
-- 在庫データ
-- ----------------------------
INSERT INTO `retail_inventory` (`store_id`, `product_id`, `lot_number`, `quantity`, `expiry_date`, `received_at`, `location`, `status`) VALUES
-- 東京本店
(1, 1, 'LOT-2026-0101', 50, '2026-12-31', '2026-01-20 09:30:00', 'A-01', 'normal'),
(1, 2, 'LOT-2026-0102', 8, '2026-12-31', '2026-01-18 10:00:00', 'A-02', 'low'),
(1, 3, 'LOT-2026-0103', 200, '2027-12-31', '2026-01-15 08:00:00', 'B-01', 'normal'),
(1, 4, 'LOT-2026-0104', 5, '2026-12-31', '2026-01-20 11:00:00', 'B-02', 'low'),
(1, 5, 'LOT-2026-0105', 30, '2026-06-30', '2026-01-19 09:00:00', 'B-03', 'normal'),
(1, 6, 'LOT-2026-0106', 45, '2026-06-30', '2026-01-18 14:00:00', 'D-01', 'normal'),
(1, 7, 'LOT-2026-0107', 55, '2026-03-31', '2026-01-17 10:00:00', 'D-02', 'normal'),
(1, 8, 'LOT-2026-0108', 30, '2026-04-30', '2026-01-16 09:00:00', 'D-03', 'normal'),
(1, 9, 'LOT-2026-0109', 40, '2026-06-30', '2026-01-18 11:00:00', 'D-04', 'normal'),
(1, 10, 'LOT-2026-0110', 25, '2026-06-30', '2026-01-19 10:15:00', 'D-05', 'normal'),
(1, 11, 'LOT-2026-0111', 10, '2026-01-31', '2026-01-29 06:00:00', 'C-01', 'low'),
(1, 12, 'LOT-2026-0112', 25, '2026-01-30', '2026-01-29 06:00:00', 'C-02', 'low'),
(1, 13, 'LOT-2026-0113', 18, '2026-01-30', '2026-01-29 06:00:00', 'C-03', 'normal'),
(1, 14, 'LOT-2026-0114', 12, '2026-01-30', '2026-01-29 06:00:00', 'C-04', 'normal'),
(1, 15, 'LOT-2026-0115', 35, '2026-02-02', '2026-01-29 06:00:00', 'C-05', 'normal'),
(1, 16, 'LOT-2026-0116', 80, '2026-12-31', '2026-01-15 10:00:00', 'B-04', 'normal'),
(1, 17, 'LOT-2026-0117', 90, '2026-12-31', '2026-01-15 10:00:00', 'B-05', 'normal'),
(1, 18, 'LOT-2026-0118', 60, '2026-06-30', '2026-01-16 09:00:00', 'B-06', 'normal'),
(1, 19, 'LOT-2026-0119', 70, '2026-12-31', '2026-01-17 08:00:00', 'B-07', 'normal'),
(1, 20, 'LOT-2026-0120', 50, '2026-06-30', '2026-01-18 09:00:00', 'B-08', 'normal'),
-- 横浜駅前店
(2, 1, 'LOT-2026-0201', 45, '2026-12-31', '2026-01-20 13:40:00', 'A-01', 'normal'),
(2, 2, 'LOT-2026-0202', 35, '2026-12-31', '2026-01-18 08:50:00', 'A-02', 'normal'),
(2, 3, 'LOT-2026-0203', 180, '2027-12-31', '2026-01-15 09:00:00', 'B-01', 'normal'),
(2, 4, 'LOT-2026-0204', 55, '2026-12-31', '2026-01-19 10:00:00', 'B-02', 'normal'),
(2, 5, 'LOT-2026-0205', 40, '2026-06-30', '2026-01-18 11:00:00', 'B-03', 'normal'),
(2, 6, 'LOT-2026-0206', 60, '2026-06-30', '2026-01-17 14:00:00', 'D-01', 'normal'),
(2, 7, 'LOT-2026-0207', 12, '2026-03-31', '2026-01-16 10:00:00', 'D-02', 'low'),
(2, 8, 'LOT-2026-0208', 35, '2026-04-30', '2026-01-15 09:00:00', 'D-03', 'normal'),
(2, 9, 'LOT-2026-0209', 50, '2026-06-30', '2026-01-18 13:00:00', 'D-04', 'normal'),
(2, 10, 'LOT-2026-0210', 28, '2026-06-30', '2026-01-19 11:00:00', 'D-05', 'normal'),
(2, 11, 'LOT-2026-0211', 15, '2026-01-31', '2026-01-29 06:00:00', 'C-01', 'low'),
(2, 12, 'LOT-2026-0212', 35, '2026-01-30', '2026-01-29 06:00:00', 'C-02', 'normal'),
(2, 13, 'LOT-2026-0213', 20, '2026-01-30', '2026-01-29 06:00:00', 'C-03', 'normal'),
(2, 14, 'LOT-2026-0214', 14, '2026-01-30', '2026-01-29 06:00:00', 'C-04', 'normal'),
(2, 15, 'LOT-2026-0215', 40, '2026-02-02', '2026-01-29 06:00:00', 'C-05', 'normal'),
(2, 21, 'LOT-2026-0221', 50, '2026-06-30', '2026-01-17 10:00:00', 'D-06', 'normal'),
(2, 22, 'LOT-2026-0222', 45, '2026-06-30', '2026-01-17 10:00:00', 'D-07', 'normal'),
(2, 23, 'LOT-2026-0223', 38, '2026-03-31', '2026-01-16 09:00:00', 'D-08', 'normal'),
(2, 24, 'LOT-2026-0224', 42, '2026-03-31', '2026-01-16 09:00:00', 'D-09', 'normal'),
(2, 25, 'LOT-2026-0225', 32, '2026-04-30', '2026-01-15 08:00:00', 'D-10', 'normal'),
-- 名古屋栄店
(3, 1, 'LOT-2026-0301', 35, '2026-12-31', '2026-01-19 09:10:00', 'A-01', 'normal'),
(3, 2, 'LOT-2026-0302', 40, '2026-12-31', '2026-01-18 10:00:00', 'A-02', 'normal'),
(3, 3, 'LOT-2026-0303', 250, '2027-12-31', '2026-01-14 08:00:00', 'B-01', 'high'),
(3, 4, 'LOT-2026-0304', 60, '2026-12-31', '2026-01-19 11:00:00', 'B-02', 'normal'),
(3, 5, 'LOT-2026-0305', 35, '2026-06-30', '2026-01-18 09:00:00', 'B-03', 'normal'),
(3, 6, 'LOT-2026-0306', 55, '2026-06-30', '2026-01-17 14:00:00', 'D-01', 'normal'),
(3, 7, 'LOT-2026-0307', 48, '2026-03-31', '2026-01-16 10:00:00', 'D-02', 'normal'),
(3, 8, 'LOT-2026-0308', 40, '2026-04-30', '2026-01-15 09:00:00', 'D-03', 'normal'),
(3, 9, 'LOT-2026-0309', 52, '2026-06-30', '2026-01-18 12:00:00', 'D-04', 'normal'),
(3, 10, 'LOT-2026-0310', 32, '2026-06-30', '2026-01-19 10:00:00', 'D-05', 'normal'),
(3, 11, 'LOT-2026-0311', 18, '2026-01-31', '2026-01-29 06:00:00', 'C-01', 'low'),
(3, 12, 'LOT-2026-0312', 40, '2026-01-30', '2026-01-29 06:00:00', 'C-02', 'normal'),
(3, 13, 'LOT-2026-0313', 22, '2026-01-30', '2026-01-29 06:00:00', 'C-03', 'normal'),
(3, 14, 'LOT-2026-0314', 16, '2026-01-30', '2026-01-29 06:00:00', 'C-04', 'normal'),
(3, 15, 'LOT-2026-0315', 38, '2026-02-02', '2026-01-29 06:00:00', 'C-05', 'normal'),
(3, 26, 'LOT-2026-0326', 35, '2026-04-30', '2026-01-15 11:00:00', 'D-11', 'normal'),
(3, 27, 'LOT-2026-0327', 48, '2026-06-30', '2026-01-16 10:00:00', 'D-12', 'normal'),
(3, 28, 'LOT-2026-0328', 40, '2026-06-30', '2026-01-16 10:00:00', 'D-13', 'normal'),
(3, 29, 'LOT-2026-0329', 28, '2026-06-30', '2026-01-17 09:00:00', 'D-14', 'normal'),
(3, 30, 'LOT-2026-0330', 25, '2026-06-30', '2026-01-17 09:00:00', 'D-15', 'normal'),
-- 大阪梅田店
(4, 1, 'LOT-2026-0401', 48, '2026-12-31', '2026-01-20 10:00:00', 'A-01', 'normal'),
(4, 2, 'LOT-2026-0402', 55, '2026-12-31', '2026-01-19 09:00:00', 'A-02', 'normal'),
(4, 3, 'LOT-2026-0403', 220, '2027-12-31', '2026-01-14 08:00:00', 'B-01', 'normal'),
(4, 4, 'LOT-2026-0404', 70, '2026-12-31', '2026-01-19 11:00:00', 'B-02', 'normal'),
(4, 5, 'LOT-2026-0405', 45, '2026-06-30', '2026-01-18 09:00:00', 'B-03', 'normal'),
(4, 6, 'LOT-2026-0406', 65, '2026-06-30', '2026-01-17 14:00:00', 'D-01', 'normal'),
(4, 7, 'LOT-2026-0407', 52, '2026-03-31', '2026-01-16 10:00:00', 'D-02', 'normal'),
(4, 8, 'LOT-2026-0408', 38, '2026-04-30', '2026-01-15 09:00:00', 'D-03', 'normal'),
(4, 9, 'LOT-2026-0409', 45, '2026-06-30', '2026-01-18 12:00:00', 'D-04', 'normal'),
(4, 10, 'LOT-2026-0410', 35, '2026-06-30', '2026-01-19 10:00:00', 'D-05', 'normal'),
(4, 11, 'LOT-2026-0411', 22, '2026-01-31', '2026-01-29 06:00:00', 'C-01', 'normal'),
(4, 12, 'LOT-2026-0412', 45, '2026-01-30', '2026-01-29 06:00:00', 'C-02', 'normal'),
(4, 13, 'LOT-2026-0413', 25, '2026-01-30', '2026-01-29 06:00:00', 'C-03', 'normal'),
(4, 14, 'LOT-2026-0414', 18, '2026-01-30', '2026-01-29 06:00:00', 'C-04', 'normal'),
(4, 15, 'LOT-2026-0415', 42, '2026-02-02', '2026-01-29 06:00:00', 'C-05', 'normal'),
(4, 31, 'LOT-2026-0431', 16, '2026-01-31', '2026-01-29 06:00:00', 'C-06', 'normal'),
(4, 32, 'LOT-2026-0432', 14, '2026-01-31', '2026-01-29 06:00:00', 'C-07', 'low'),
(4, 33, 'LOT-2026-0433', 38, '2026-01-30', '2026-01-29 06:00:00', 'C-08', 'normal'),
(4, 34, 'LOT-2026-0434', 35, '2026-01-30', '2026-01-29 06:00:00', 'C-09', 'normal'),
(4, 35, 'LOT-2026-0435', 20, '2026-01-30', '2026-01-29 06:00:00', 'C-10', 'normal'),
-- 福岡天神店
(5, 1, 'LOT-2026-0501', 42, '2026-12-31', '2026-01-20 09:00:00', 'A-01', 'normal'),
(5, 2, 'LOT-2026-0502', 38, '2026-12-31', '2026-01-18 10:00:00', 'A-02', 'normal'),
(5, 3, 'LOT-2026-0503', 190, '2027-12-31', '2026-01-15 08:00:00', 'B-01', 'normal'),
(5, 4, 'LOT-2026-0504', 58, '2026-12-31', '2026-01-19 10:00:00', 'B-02', 'normal'),
(5, 5, 'LOT-2026-0505', 40, '2026-06-30', '2026-01-18 11:00:00', 'B-03', 'normal'),
(5, 6, 'LOT-2026-0506', 58, '2026-06-30', '2026-01-17 14:00:00', 'D-01', 'normal'),
(5, 7, 'LOT-2026-0507', 45, '2026-03-31', '2026-01-16 10:00:00', 'D-02', 'normal'),
(5, 8, 'LOT-2026-0508', 35, '2026-04-30', '2026-01-15 09:00:00', 'D-03', 'normal'),
(5, 9, 'LOT-2026-0509', 48, '2026-06-30', '2026-01-18 13:00:00', 'D-04', 'normal'),
(5, 10, 'LOT-2026-0510', 30, '2026-06-30', '2026-01-19 10:00:00', 'D-05', 'normal'),
(5, 11, 'LOT-2026-0511', 20, '2026-01-31', '2026-01-29 06:00:00', 'C-01', 'normal'),
(5, 12, 'LOT-2026-0512', 42, '2026-01-30', '2026-01-29 06:00:00', 'C-02', 'normal'),
(5, 13, 'LOT-2026-0513', 8, '2026-01-30', '2026-01-29 06:00:00', 'C-03', 'low'),
(5, 14, 'LOT-2026-0514', 15, '2026-01-30', '2026-01-29 06:00:00', 'C-04', 'normal'),
(5, 15, 'LOT-2026-0515', 40, '2026-02-02', '2026-01-29 06:00:00', 'C-05', 'normal'),
(5, 36, 'LOT-2026-0536', 18, '2026-01-30', '2026-01-29 06:00:00', 'C-11', 'normal'),
(5, 37, 'LOT-2026-0537', 10, '2026-01-30', '2026-01-29 06:00:00', 'C-12', 'normal'),
(5, 38, 'LOT-2026-0538', 12, '2026-01-30', '2026-01-29 06:00:00', 'C-13', 'normal'),
(5, 39, 'LOT-2026-0539', 32, '2026-02-02', '2026-01-29 06:00:00', 'C-14', 'normal'),
(5, 40, 'LOT-2026-0540', 28, '2026-02-02', '2026-01-29 06:00:00', 'C-15', 'normal'),
-- 札幌駅前店
(6, 1, 'LOT-2026-0601', 38, '2026-12-31', '2026-01-18 09:00:00', 'A-01', 'normal'),
(6, 3, 'LOT-2026-0603', 170, '2027-12-31', '2026-01-14 08:00:00', 'B-01', 'normal'),
(6, 16, 'LOT-2026-0616', 75, '2026-12-31', '2026-01-15 10:00:00', 'B-04', 'normal'),
(6, 17, 'LOT-2026-0617', 85, '2026-12-31', '2026-01-15 10:00:00', 'B-05', 'normal'),
(6, 41, 'LOT-2026-0641', 45, '2026-06-30', '2026-01-16 09:00:00', 'E-01', 'normal'),
(6, 42, 'LOT-2026-0642', 42, '2026-06-30', '2026-01-16 09:00:00', 'E-02', 'normal'),
(6, 43, 'LOT-2026-0643', 38, '2026-12-31', '2026-01-17 10:00:00', 'E-03', 'normal'),
(6, 44, 'LOT-2026-0644', 35, '2026-12-31', '2026-01-17 10:00:00', 'E-04', 'normal'),
(6, 45, 'LOT-2026-0645', 55, '2026-12-31', '2026-01-18 08:00:00', 'F-01', 'normal'),
-- 仙台一番町店
(7, 2, 'LOT-2026-0702', 42, '2026-12-31', '2026-01-18 10:00:00', 'A-02', 'normal'),
(7, 4, 'LOT-2026-0704', 62, '2026-12-31', '2026-01-19 09:00:00', 'B-02', 'normal'),
(7, 18, 'LOT-2026-0718', 55, '2026-06-30', '2026-01-16 10:00:00', 'B-06', 'normal'),
(7, 19, 'LOT-2026-0719', 65, '2026-12-31', '2026-01-17 09:00:00', 'B-07', 'normal'),
(7, 20, 'LOT-2026-0720', 48, '2026-06-30', '2026-01-18 10:00:00', 'B-08', 'normal');
-- ----------------------------
-- 入出庫履歴データ（v0.5: inventory_id, txn_type, quantity_delta, source_type 対応）
-- ※ inventory_id はサブクエリで在庫レコードから取得
-- ----------------------------
INSERT INTO `retail_inventory_transaction` (
  `inventory_id`, `store_id`, `product_id`, `lot_number`,
  `txn_type`, `quantity_delta`, `source_type`, `reference_no`, `occurred_at`, `note`
) VALUES
-- 東京本店 / プレミアムコーヒー
((SELECT id FROM retail_inventory WHERE store_id=1 AND product_id=1 AND lot_number='LOT-2026-0101'), 1, 1, 'LOT-2026-0101', 'INBOUND', 120, 'MANUAL', 'IN-20260120-0001', '2026-01-20 09:30:00', '通常入庫（中央倉庫）'),
((SELECT id FROM retail_inventory WHERE store_id=1 AND product_id=1 AND lot_number='LOT-2026-0101'), 1, 1, 'LOT-2026-0101', 'SALE', -30, 'POS', 'SALE-20260122-0003', '2026-01-22 14:10:00', ''),
((SELECT id FROM retail_inventory WHERE store_id=1 AND product_id=1 AND lot_number='LOT-2026-0101'), 1, 1, 'LOT-2026-0101', 'SALE', -15, 'POS', 'SALE-20260123-0012', '2026-01-23 18:20:00', ''),
((SELECT id FROM retail_inventory WHERE store_id=1 AND product_id=1 AND lot_number='LOT-2026-0101'), 1, 1, 'LOT-2026-0101', 'ADJUSTMENT', -5, 'MANUAL', 'ADJ-20260124-0002', '2026-01-24 11:05:00', '棚卸差異'),
-- 東京本店 / ナッツミックス
((SELECT id FROM retail_inventory WHERE store_id=1 AND product_id=10 AND lot_number='LOT-2026-0110'), 1, 10, 'LOT-2026-0110', 'INBOUND', 80, 'MANUAL', 'IN-20260119-0004', '2026-01-19 10:15:00', '通常入庫（中央倉庫）'),
((SELECT id FROM retail_inventory WHERE store_id=1 AND product_id=10 AND lot_number='LOT-2026-0110'), 1, 10, 'LOT-2026-0110', 'SALE', -20, 'POS', 'SALE-20260121-0006', '2026-01-21 16:00:00', ''),
-- 横浜駅前店 / プレミアムコーヒー
((SELECT id FROM retail_inventory WHERE store_id=2 AND product_id=1 AND lot_number='LOT-2026-0201'), 2, 1, 'LOT-2026-0201', 'INBOUND', 110, 'MANUAL', 'IN-20260120-0005', '2026-01-20 13:40:00', '通常入庫（中央倉庫）'),
((SELECT id FROM retail_inventory WHERE store_id=2 AND product_id=1 AND lot_number='LOT-2026-0201'), 2, 1, 'LOT-2026-0201', 'SALE', -18, 'POS', 'SALE-20260123-0015', '2026-01-23 12:30:00', ''),
-- 名古屋栄店 / プレミアムコーヒー
((SELECT id FROM retail_inventory WHERE store_id=3 AND product_id=1 AND lot_number='LOT-2026-0301'), 3, 1, 'LOT-2026-0301', 'INBOUND', 130, 'MANUAL', 'IN-20260119-0006', '2026-01-19 09:10:00', '通常入庫（中央倉庫）'),
((SELECT id FROM retail_inventory WHERE store_id=3 AND product_id=1 AND lot_number='LOT-2026-0301'), 3, 1, 'LOT-2026-0301', 'SALE', -25, 'POS', 'SALE-20260122-0008', '2026-01-22 15:20:00', ''),
-- 横浜駅前店 / オーガニックティー
((SELECT id FROM retail_inventory WHERE store_id=2 AND product_id=2 AND lot_number='LOT-2026-0202'), 2, 2, 'LOT-2026-0202', 'INBOUND', 70, 'MANUAL', 'IN-20260118-0003', '2026-01-18 08:50:00', '通常入庫（中央倉庫）'),
((SELECT id FROM retail_inventory WHERE store_id=2 AND product_id=2 AND lot_number='LOT-2026-0202'), 2, 2, 'LOT-2026-0202', 'SALE', -12, 'POS', 'SALE-20260124-0009', '2026-01-24 17:45:00', '');

-- ----------------------------
-- デバイス初期データ（全店舗×6種別、冪等INSERT）
-- ----------------------------
INSERT INTO `retail_device` (`store_id`, `device_code`, `device_type`, `device_name`, `status`, `last_heartbeat`)
SELECT s.`id`, CONCAT('DEV-', s.`id`, '-', dt.`sfx`, '-01'), dt.`dtype`, CONCAT(s.`store_name`, ' ', dt.`dname`), 'ONLINE', NOW()
FROM `retail_store` s
CROSS JOIN (
  SELECT 'PAYMENT_TERMINAL' AS dtype, 'POS' AS sfx, '決済端末1号' AS dname
  UNION ALL SELECT 'PRINTER', 'PTR', 'レシートプリンタ'
  UNION ALL SELECT 'NETWORK_ROUTER', 'NET', 'ルーター'
  UNION ALL SELECT 'CAMERA', 'CAM', '監視カメラ1号'
  UNION ALL SELECT 'GATE', 'GAT', '入退店ゲート1号'
  UNION ALL SELECT 'REFRIGERATOR_SENSOR', 'RFS', '冷蔵センサー1号'
) dt
LEFT JOIN `retail_device` d ON d.`device_code` = CONCAT('DEV-', s.`id`, '-', dt.`sfx`, '-01')
WHERE s.`is_deleted` = 0 AND d.`id` IS NULL;

-- ----------------------------
-- アラートデータ（v0.5: priority, status, detected_at, threshold_value, current_value 対応）
-- EXPIRED → EXPIRY_SOON に修正（要件定義§5.2.2 準拠）
-- ----------------------------
INSERT INTO `retail_alert` (`store_id`, `product_id`, `lot_number`, `alert_type`, `priority`, `status`, `message`, `threshold_value`, `current_value`, `detected_at`) VALUES
-- 未対応アラート（status = NEW）
(1, 2, 'LOT-2026-0102', 'LOW_STOCK', 'P2', 'NEW', '在庫切れ警告: オーガニックティー 現在在庫8個、発注点15個', '15', '8', '2026-01-29 10:30:00'),
(1, 4, 'LOT-2026-0104', 'LOW_STOCK', 'P1', 'NEW', '在庫切れ警告: エナジードリンク 現在在庫5個、発注点20個', '20', '5', '2026-01-29 11:00:00'),
(1, 11, 'LOT-2026-0111', 'LOW_STOCK', 'P1', 'NEW', '在庫切れ警告: サンドイッチ 現在在庫10個、発注点20個', '20', '10', '2026-01-29 08:00:00'),
(1, 11, 'LOT-2026-0111', 'EXPIRY_SOON', 'P2', 'NEW', '賞味期限接近: サンドイッチ 賞味期限2026-01-31 残り2日', '7', '2', '2026-01-29 06:00:00'),
(1, 12, 'LOT-2026-0112', 'LOW_STOCK', 'P2', 'NEW', '在庫切れ警告: おにぎり 現在在庫25個、発注点30個', '30', '25', '2026-01-29 09:00:00'),
(1, 12, 'LOT-2026-0112', 'EXPIRY_SOON', 'P1', 'NEW', '賞味期限接近: おにぎり 賞味期限2026-01-30 残り1日', '7', '1', '2026-01-29 06:00:00'),
(2, 7, 'LOT-2026-0207', 'LOW_STOCK', 'P2', 'NEW', '在庫切れ警告: ポテトチップス 現在在庫12個、発注点25個', '25', '12', '2026-01-29 12:00:00'),
(2, 11, 'LOT-2026-0211', 'LOW_STOCK', 'P2', 'NEW', '在庫切れ警告: サンドイッチ 現在在庫15個、発注点20個', '20', '15', '2026-01-29 08:30:00'),
(2, 11, 'LOT-2026-0211', 'EXPIRY_SOON', 'P2', 'NEW', '賞味期限接近: サンドイッチ 賞味期限2026-01-31 残り2日', '7', '2', '2026-01-29 06:00:00'),
(3, 11, 'LOT-2026-0311', 'LOW_STOCK', 'P2', 'NEW', '在庫切れ警告: サンドイッチ 現在在庫18個、発注点20個', '20', '18', '2026-01-29 08:45:00'),
(3, 11, 'LOT-2026-0311', 'EXPIRY_SOON', 'P2', 'NEW', '賞味期限接近: サンドイッチ 賞味期限2026-01-31 残り2日', '7', '2', '2026-01-29 06:00:00'),
(4, 32, 'LOT-2026-0432', 'LOW_STOCK', 'P3', 'NEW', '在庫切れ警告: ハムサンド 現在在庫14個、発注点15個', '15', '14', '2026-01-29 09:15:00'),
(4, 32, 'LOT-2026-0432', 'EXPIRY_SOON', 'P2', 'NEW', '賞味期限接近: ハムサンド 賞味期限2026-01-31 残り2日', '7', '2', '2026-01-29 06:00:00'),
(5, 13, 'LOT-2026-0513', 'LOW_STOCK', 'P1', 'NEW', '在庫切れ警告: サラダ 現在在庫8個、発注点15個', '15', '8', '2026-01-29 10:00:00'),
(5, 13, 'LOT-2026-0513', 'EXPIRY_SOON', 'P1', 'NEW', '賞味期限接近: サラダ 賞味期限2026-01-30 残り1日', '7', '1', '2026-01-29 06:00:00'),
-- 賞味期限接近アラート（各店舗）
(1, 13, 'LOT-2026-0113', 'EXPIRY_SOON', 'P1', 'NEW', '賞味期限接近: サラダ 賞味期限2026-01-30 残り1日', '7', '1', '2026-01-29 06:00:00'),
(1, 14, 'LOT-2026-0114', 'EXPIRY_SOON', 'P1', 'NEW', '賞味期限接近: 弁当 賞味期限2026-01-30 残り1日', '7', '1', '2026-01-29 06:00:00'),
(2, 13, 'LOT-2026-0213', 'EXPIRY_SOON', 'P1', 'NEW', '賞味期限接近: サラダ 賞味期限2026-01-30 残り1日', '7', '1', '2026-01-29 06:00:00'),
(2, 14, 'LOT-2026-0214', 'EXPIRY_SOON', 'P1', 'NEW', '賞味期限接近: 弁当 賞味期限2026-01-30 残り1日', '7', '1', '2026-01-29 06:00:00'),
(3, 13, 'LOT-2026-0313', 'EXPIRY_SOON', 'P1', 'NEW', '賞味期限接近: サラダ 賞味期限2026-01-30 残り1日', '7', '1', '2026-01-29 06:00:00'),
(3, 14, 'LOT-2026-0314', 'EXPIRY_SOON', 'P1', 'NEW', '賞味期限接近: 弁当 賞味期限2026-01-30 残り1日', '7', '1', '2026-01-29 06:00:00'),
(4, 13, 'LOT-2026-0413', 'EXPIRY_SOON', 'P1', 'NEW', '賞味期限接近: サラダ 賞味期限2026-01-30 残り1日', '7', '1', '2026-01-29 06:00:00'),
(4, 14, 'LOT-2026-0414', 'EXPIRY_SOON', 'P1', 'NEW', '賞味期限接近: 弁当 賞味期限2026-01-30 残り1日', '7', '1', '2026-01-29 06:00:00'),
(4, 31, 'LOT-2026-0431', 'EXPIRY_SOON', 'P2', 'NEW', '賞味期限接近: ツナサンド 賞味期限2026-01-31 残り2日', '7', '2', '2026-01-29 06:00:00'),
(4, 33, 'LOT-2026-0433', 'EXPIRY_SOON', 'P1', 'NEW', '賞味期限接近: 鮭おにぎり 賞味期限2026-01-30 残り1日', '7', '1', '2026-01-29 06:00:00'),
(4, 34, 'LOT-2026-0434', 'EXPIRY_SOON', 'P1', 'NEW', '賞味期限接近: 梅おにぎり 賞味期限2026-01-30 残り1日', '7', '1', '2026-01-29 06:00:00'),
(4, 35, 'LOT-2026-0435', 'EXPIRY_SOON', 'P1', 'NEW', '賞味期限接近: シーザーサラダ 賞味期限2026-01-30 残り1日', '7', '1', '2026-01-29 06:00:00'),
(5, 14, 'LOT-2026-0514', 'EXPIRY_SOON', 'P1', 'NEW', '賞味期限接近: 弁当 賞味期限2026-01-30 残り1日', '7', '1', '2026-01-29 06:00:00'),
(5, 36, 'LOT-2026-0536', 'EXPIRY_SOON', 'P1', 'NEW', '賞味期限接近: 和風サラダ 賞味期限2026-01-30 残り1日', '7', '1', '2026-01-29 06:00:00'),
(5, 37, 'LOT-2026-0537', 'EXPIRY_SOON', 'P1', 'NEW', '賞味期限接近: 幕の内弁当 賞味期限2026-01-30 残り1日', '7', '1', '2026-01-29 06:00:00'),
(5, 38, 'LOT-2026-0538', 'EXPIRY_SOON', 'P1', 'NEW', '賞味期限接近: 唐揚げ弁当 賞味期限2026-01-30 残り1日', '7', '1', '2026-01-29 06:00:00');

-- 解決済みアラート（status = CLOSED）
INSERT INTO `retail_alert` (`store_id`, `product_id`, `lot_number`, `alert_type`, `priority`, `status`, `message`, `threshold_value`, `current_value`, `detected_at`, `acknowledged_at`, `resolved_at`, `closed_at`, `resolution_note`) VALUES
(1, 1, 'LOT-2026-0101', 'LOW_STOCK', 'P2', 'CLOSED', '在庫切れ警告: プレミアムコーヒー（解決済み）', '20', '50', '2026-01-28 14:00:00', '2026-01-28 14:10:00', '2026-01-28 16:00:00', '2026-01-28 17:00:00', '入庫により解消'),
(2, 1, 'LOT-2026-0201', 'LOW_STOCK', 'P2', 'CLOSED', '在庫切れ警告: プレミアムコーヒー（解決済み）', '20', '45', '2026-01-28 15:00:00', '2026-01-28 15:10:00', '2026-01-28 17:00:00', '2026-01-28 18:00:00', '入庫により解消'),
(3, 1, 'LOT-2026-0301', 'LOW_STOCK', 'P2', 'CLOSED', '在庫切れ警告: プレミアムコーヒー（解決済み）', '20', '35', '2026-01-27 10:00:00', '2026-01-27 10:15:00', '2026-01-27 14:00:00', '2026-01-27 15:00:00', '入庫により解消'),
(4, 2, 'LOT-2026-0402', 'LOW_STOCK', 'P3', 'CLOSED', '在庫切れ警告: オーガニックティー（解決済み）', '15', '55', '2026-01-26 11:00:00', '2026-01-26 11:20:00', '2026-01-26 15:00:00', '2026-01-26 16:00:00', '入庫により解消'),
(5, 5, 'LOT-2026-0505', 'LOW_STOCK', 'P3', 'CLOSED', '在庫切れ警告: フルーツジュース（解決済み）', '15', '40', '2026-01-25 09:00:00', '2026-01-25 09:30:00', '2026-01-25 12:00:00', '2026-01-25 13:00:00', '入庫により解消');

-- 在庫切れアラート（status = NEW）
INSERT INTO `retail_alert` (`store_id`, `product_id`, `lot_number`, `alert_type`, `priority`, `status`, `message`, `threshold_value`, `current_value`, `detected_at`) VALUES
(1, 16, 'LOT-2026-0116-OUT', 'LOW_STOCK', 'P1', 'NEW', '在庫切れ: 緑茶ペットボトル 在庫0個', '30', '0', '2026-01-29 14:00:00'),
(1, 17, 'LOT-2026-0117-OUT', 'LOW_STOCK', 'P1', 'NEW', '在庫切れ: コーラ 在庫0個', '40', '0', '2026-01-29 14:30:00'),
(2, 18, 'LOT-2026-0218-OUT', 'LOW_STOCK', 'P1', 'NEW', '在庫切れ: オレンジジュース 在庫0個', '25', '0', '2026-01-29 15:00:00'),
(2, 19, 'LOT-2026-0219-OUT', 'LOW_STOCK', 'P1', 'NEW', '在庫切れ: スポーツドリンク 在庫0個', '30', '0', '2026-01-29 15:30:00'),
(3, 20, 'LOT-2026-0320-OUT', 'LOW_STOCK', 'P1', 'NEW', '在庫切れ: アイスコーヒー 在庫0個', '20', '0', '2026-01-29 16:00:00'),
(4, 21, 'LOT-2026-0421-OUT', 'LOW_STOCK', 'P1', 'NEW', '在庫切れ: ミルクチョコレート 在庫0個', '20', '0', '2026-01-29 16:30:00'),
(5, 22, 'LOT-2026-0522-OUT', 'LOW_STOCK', 'P1', 'NEW', '在庫切れ: ビターチョコレート 在庫0個', '18', '0', '2026-01-29 17:00:00');

-- ----------------------------
-- 売上データ（過去30日分）※ スキーマ変更なし
-- ----------------------------
INSERT INTO `retail_sales` (`store_id`, `order_number`, `total_amount`, `payment_method`, `sale_timestamp`) VALUES
-- 2026-01-29
(1, 'ORD-20260129-001', 2850.00, 'CARD', '2026-01-29 10:15:00'),
(1, 'ORD-20260129-002', 1580.00, 'CASH', '2026-01-29 11:30:00'),
(1, 'ORD-20260129-003', 3200.00, 'QR', '2026-01-29 14:20:00'),
(1, 'ORD-20260129-004', 2100.00, 'CARD', '2026-01-29 16:45:00'),
(1, 'ORD-20260129-005', 1850.00, 'CASH', '2026-01-29 18:30:00'),
(2, 'ORD-20260129-006', 3200.00, 'QR', '2026-01-29 12:45:00'),
(2, 'ORD-20260129-007', 2750.00, 'CARD', '2026-01-29 15:10:00'),
(2, 'ORD-20260129-008', 1950.00, 'CASH', '2026-01-29 17:25:00'),
(3, 'ORD-20260129-009', 1950.00, 'CARD', '2026-01-29 13:20:00'),
(3, 'ORD-20260129-010', 2650.00, 'QR', '2026-01-29 15:40:00'),
(3, 'ORD-20260129-011', 3100.00, 'CARD', '2026-01-29 18:15:00'),
(4, 'ORD-20260129-012', 4100.00, 'CARD', '2026-01-29 14:10:00'),
(4, 'ORD-20260129-013', 3350.00, 'QR', '2026-01-29 16:30:00'),
(4, 'ORD-20260129-014', 2800.00, 'CASH', '2026-01-29 19:00:00'),
(5, 'ORD-20260129-015', 2950.00, 'CARD', '2026-01-29 13:50:00'),
(5, 'ORD-20260129-016', 3400.00, 'QR', '2026-01-29 16:20:00'),
(6, 'ORD-20260129-017', 2200.00, 'CARD', '2026-01-29 11:40:00'),
(6, 'ORD-20260129-018', 2850.00, 'CASH', '2026-01-29 14:55:00'),
(7, 'ORD-20260129-019', 3150.00, 'QR', '2026-01-29 12:30:00'),
(7, 'ORD-20260129-020', 2600.00, 'CARD', '2026-01-29 17:10:00'),
-- 2026-01-28
(1, 'ORD-20260128-001', 3500.00, 'CARD', '2026-01-28 09:30:00'),
(1, 'ORD-20260128-002', 2200.00, 'CASH', '2026-01-28 11:00:00'),
(1, 'ORD-20260128-003', 2950.00, 'QR', '2026-01-28 13:45:00'),
(1, 'ORD-20260128-004', 3300.00, 'CARD', '2026-01-28 16:20:00'),
(1, 'ORD-20260128-005', 1800.00, 'CASH', '2026-01-28 18:50:00'),
(2, 'ORD-20260128-006', 2800.00, 'QR', '2026-01-28 13:15:00'),
(2, 'ORD-20260128-007', 3150.00, 'CARD', '2026-01-28 15:30:00'),
(2, 'ORD-20260128-008', 2400.00, 'CASH', '2026-01-28 17:45:00'),
(3, 'ORD-20260128-009', 3100.00, 'CARD', '2026-01-28 15:30:00'),
(3, 'ORD-20260128-010', 2850.00, 'QR', '2026-01-28 17:00:00'),
(3, 'ORD-20260128-011', 3450.00, 'CASH', '2026-01-28 19:15:00'),
(4, 'ORD-20260128-012', 2650.00, 'CASH', '2026-01-28 16:45:00'),
(4, 'ORD-20260128-013', 3900.00, 'CARD', '2026-01-28 18:20:00'),
(4, 'ORD-20260128-014', 3200.00, 'QR', '2026-01-28 20:00:00'),
(5, 'ORD-20260128-015', 2750.00, 'CARD', '2026-01-28 14:40:00'),
(5, 'ORD-20260128-016', 3550.00, 'QR', '2026-01-28 17:30:00'),
(6, 'ORD-20260128-017', 2100.00, 'CASH', '2026-01-28 10:50:00'),
(6, 'ORD-20260128-018', 2950.00, 'CARD', '2026-01-28 15:20:00'),
(7, 'ORD-20260128-019', 3250.00, 'QR', '2026-01-28 13:40:00'),
(7, 'ORD-20260128-020', 2800.00, 'CARD', '2026-01-28 18:00:00'),
-- 2026-01-27
(1, 'ORD-20260127-001', 2900.00, 'CARD', '2026-01-27 10:00:00'),
(1, 'ORD-20260127-002', 3400.00, 'QR', '2026-01-27 12:30:00'),
(1, 'ORD-20260127-003', 2150.00, 'CASH', '2026-01-27 15:20:00'),
(1, 'ORD-20260127-004', 3650.00, 'CARD', '2026-01-27 17:40:00'),
(2, 'ORD-20260127-005', 3300.00, 'QR', '2026-01-27 12:30:00'),
(2, 'ORD-20260127-006', 2850.00, 'CARD', '2026-01-27 14:50:00'),
(2, 'ORD-20260127-007', 3100.00, 'CASH', '2026-01-27 17:15:00'),
(3, 'ORD-20260127-008', 2750.00, 'CARD', '2026-01-27 14:00:00'),
(3, 'ORD-20260127-009', 3200.00, 'QR', '2026-01-27 16:30:00'),
(3, 'ORD-20260127-010', 2950.00, 'CASH', '2026-01-27 18:45:00'),
(4, 'ORD-20260127-011', 3850.00, 'CASH', '2026-01-27 16:20:00'),
(4, 'ORD-20260127-012', 3400.00, 'CARD', '2026-01-27 18:50:00'),
(4, 'ORD-20260127-013', 2900.00, 'QR', '2026-01-27 20:30:00'),
(5, 'ORD-20260127-014', 2400.00, 'CARD', '2026-01-27 17:45:00'),
(5, 'ORD-20260127-015', 3150.00, 'QR', '2026-01-27 19:20:00'),
(6, 'ORD-20260127-016', 2650.00, 'CARD', '2026-01-27 11:30:00'),
(6, 'ORD-20260127-017', 3050.00, 'CASH', '2026-01-27 14:40:00'),
(7, 'ORD-20260127-018', 2800.00, 'QR', '2026-01-27 13:10:00'),
(7, 'ORD-20260127-019', 3350.00, 'CARD', '2026-01-27 16:50:00'),
(8, 'ORD-20260127-020', 2550.00, 'CASH', '2026-01-27 15:30:00'),
-- 2026-01-26
(1, 'ORD-20260126-001', 3200.00, 'CARD', '2026-01-26 09:45:00'),
(1, 'ORD-20260126-002', 2650.00, 'CASH', '2026-01-26 12:10:00'),
(1, 'ORD-20260126-003', 3800.00, 'QR', '2026-01-26 14:35:00'),
(1, 'ORD-20260126-004', 2200.00, 'CARD', '2026-01-26 17:00:00'),
(2, 'ORD-20260126-005', 2850.00, 'CASH', '2026-01-26 11:30:00'),
(2, 'ORD-20260126-006', 3400.00, 'QR', '2026-01-26 13:50:00'),
(2, 'ORD-20260126-007', 2950.00, 'CARD', '2026-01-26 16:20:00'),
(3, 'ORD-20260126-008', 3450.00, 'QR', '2026-01-26 13:00:00'),
(3, 'ORD-20260126-009', 2800.00, 'CARD', '2026-01-26 15:40:00'),
(3, 'ORD-20260126-010', 3150.00, 'CASH', '2026-01-26 18:10:00'),
(4, 'ORD-20260126-011', 2950.00, 'CARD', '2026-01-26 15:15:00'),
(4, 'ORD-20260126-012', 3600.00, 'QR', '2026-01-26 17:45:00'),
(4, 'ORD-20260126-013', 3250.00, 'CASH', '2026-01-26 19:30:00'),
(5, 'ORD-20260126-014', 3100.00, 'CASH', '2026-01-26 17:00:00'),
(5, 'ORD-20260126-015', 2850.00, 'CARD', '2026-01-26 19:15:00'),
(6, 'ORD-20260126-016', 2400.00, 'QR', '2026-01-26 10:20:00'),
(6, 'ORD-20260126-017', 3200.00, 'CARD', '2026-01-26 13:50:00'),
(7, 'ORD-20260126-018', 2900.00, 'CASH', '2026-01-26 12:40:00'),
(7, 'ORD-20260126-019', 3450.00, 'QR', '2026-01-26 15:30:00'),
(8, 'ORD-20260126-020', 2750.00, 'CARD', '2026-01-26 14:20:00'),
-- 2026-01-25
(1, 'ORD-20260125-001', 2700.00, 'CARD', '2026-01-25 10:20:00'),
(1, 'ORD-20260125-002', 3250.00, 'QR', '2026-01-25 13:00:00'),
(1, 'ORD-20260125-003', 2450.00, 'CASH', '2026-01-25 15:40:00'),
(1, 'ORD-20260125-004', 3600.00, 'CARD', '2026-01-25 18:10:00'),
(2, 'ORD-20260125-005', 3050.00, 'QR', '2026-01-25 12:00:00'),
(2, 'ORD-20260125-006', 2800.00, 'CARD', '2026-01-25 14:30:00'),
(2, 'ORD-20260125-007', 3350.00, 'CASH', '2026-01-25 17:00:00'),
(3, 'ORD-20260125-008', 2600.00, 'CARD', '2026-01-25 14:30:00'),
(3, 'ORD-20260125-009', 3100.00, 'QR', '2026-01-25 16:50:00'),
(3, 'ORD-20260125-010', 2850.00, 'CASH', '2026-01-25 19:20:00'),
(4, 'ORD-20260125-011', 3400.00, 'CASH', '2026-01-25 16:00:00'),
(4, 'ORD-20260125-012', 3150.00, 'CARD', '2026-01-25 18:30:00'),
(4, 'ORD-20260125-013', 2900.00, 'QR', '2026-01-25 20:15:00'),
(5, 'ORD-20260125-014', 2850.00, 'CARD', '2026-01-25 18:00:00'),
(5, 'ORD-20260125-015', 3200.00, 'QR', '2026-01-25 19:45:00'),
(6, 'ORD-20260125-016', 2550.00, 'CASH', '2026-01-25 11:10:00'),
(6, 'ORD-20260125-017', 3100.00, 'CARD', '2026-01-25 14:30:00'),
(7, 'ORD-20260125-018', 2950.00, 'QR', '2026-01-25 13:20:00'),
(7, 'ORD-20260125-019', 3400.00, 'CARD', '2026-01-25 16:40:00'),
(8, 'ORD-20260125-020', 2700.00, 'CASH', '2026-01-25 15:50:00'),
-- 2026-01-24
(1, 'ORD-20260124-001', 3100.00, 'CARD', '2026-01-24 09:30:00'),
(1, 'ORD-20260124-002', 2750.00, 'CASH', '2026-01-24 11:50:00'),
(1, 'ORD-20260124-003', 3450.00, 'QR', '2026-01-24 14:20:00'),
(1, 'ORD-20260124-004', 2300.00, 'CARD', '2026-01-24 16:50:00'),
(2, 'ORD-20260124-005', 2950.00, 'CASH', '2026-01-24 11:45:00'),
(2, 'ORD-20260124-006', 3300.00, 'QR', '2026-01-24 14:10:00'),
(2, 'ORD-20260124-007', 2850.00, 'CARD', '2026-01-24 16:40:00'),
(3, 'ORD-20260124-008', 3250.00, 'QR', '2026-01-24 13:30:00'),
(3, 'ORD-20260124-009', 2900.00, 'CARD', '2026-01-24 16:00:00'),
(3, 'ORD-20260124-010', 3050.00, 'CASH', '2026-01-24 18:30:00'),
(4, 'ORD-20260124-011', 2800.00, 'CARD', '2026-01-24 15:45:00'),
(4, 'ORD-20260124-012', 3500.00, 'QR', '2026-01-24 18:15:00'),
(4, 'ORD-20260124-013', 3100.00, 'CASH', '2026-01-24 20:00:00'),
(5, 'ORD-20260124-014', 3150.00, 'CASH', '2026-01-24 17:30:00'),
(5, 'ORD-20260124-015', 2950.00, 'CARD', '2026-01-24 19:50:00'),
(6, 'ORD-20260124-016', 2650.00, 'QR', '2026-01-24 10:40:00'),
(6, 'ORD-20260124-017', 3250.00, 'CARD', '2026-01-24 13:20:00'),
(7, 'ORD-20260124-018', 2800.00, 'CASH', '2026-01-24 12:50:00'),
(7, 'ORD-20260124-019', 3350.00, 'QR', '2026-01-24 15:40:00'),
(8, 'ORD-20260124-020', 2900.00, 'CARD', '2026-01-24 14:30:00'),
-- 2026-01-23
(1, 'ORD-20260123-001', 2850.00, 'CARD', '2026-01-23 10:00:00'),
(1, 'ORD-20260123-002', 3150.00, 'QR', '2026-01-23 12:40:00'),
(1, 'ORD-20260123-003', 2600.00, 'CASH', '2026-01-23 15:10:00'),
(1, 'ORD-20260123-004', 3400.00, 'CARD', '2026-01-23 17:50:00'),
(2, 'ORD-20260123-005', 3200.00, 'QR', '2026-01-23 12:15:00'),
(2, 'ORD-20260123-006', 2900.00, 'CARD', '2026-01-23 14:45:00'),
(2, 'ORD-20260123-007', 3250.00, 'CASH', '2026-01-23 17:20:00'),
(3, 'ORD-20260123-008', 2700.00, 'CARD', '2026-01-23 14:00:00'),
(3, 'ORD-20260123-009', 3300.00, 'QR', '2026-01-23 16:30:00'),
(3, 'ORD-20260123-010', 2950.00, 'CASH', '2026-01-23 19:00:00'),
(4, 'ORD-20260123-011', 3500.00, 'CASH', '2026-01-23 16:30:00'),
(4, 'ORD-20260123-012', 3200.00, 'CARD', '2026-01-23 19:00:00'),
(4, 'ORD-20260123-013', 2850.00, 'QR', '2026-01-23 20:45:00'),
(5, 'ORD-20260123-014', 2950.00, 'CARD', '2026-01-23 18:15:00'),
(5, 'ORD-20260123-015', 3300.00, 'QR', '2026-01-23 20:00:00'),
(6, 'ORD-20260123-016', 2500.00, 'CASH', '2026-01-23 11:20:00'),
(6, 'ORD-20260123-017', 3150.00, 'CARD', '2026-01-23 14:50:00'),
(7, 'ORD-20260123-018', 2850.00, 'QR', '2026-01-23 13:30:00'),
(7, 'ORD-20260123-019', 3450.00, 'CARD', '2026-01-23 16:20:00'),
(8, 'ORD-20260123-020', 2750.00, 'CASH', '2026-01-23 15:40:00');

-- ============================================================
-- TOP画面用追加データ
-- ============================================================

-- ----------------------------
-- 売上サマリーテーブル（TOP画面用）
-- ----------------------------
CREATE TABLE IF NOT EXISTS `retail_sales_summary` (
    `id` BIGINT AUTO_INCREMENT PRIMARY KEY,
    `store_id` BIGINT NOT NULL,
    `summary_date` DATE NOT NULL,
    `period_type` ENUM('DAILY', 'WEEKLY', 'MONTHLY') NOT NULL,
    `total_sales` DECIMAL(15,2) NOT NULL DEFAULT 0 COMMENT '売上高',
    `total_transactions` INT NOT NULL DEFAULT 0 COMMENT '取引件数',
    `total_items_sold` INT NOT NULL DEFAULT 0 COMMENT '販売商品数',
    `average_transaction_value` DECIMAL(10,2) COMMENT '平均客単価',
    `created_at` DATETIME DEFAULT CURRENT_TIMESTAMP,
    `updated_at` DATETIME DEFAULT CURRENT_TIMESTAMP ON UPDATE CURRENT_TIMESTAMP,
    UNIQUE KEY `uk_sales_summary` (`store_id`, `summary_date`, `period_type`),
    KEY `idx_sales_summary_date` (`summary_date`, `period_type`),
    CONSTRAINT `fk_sales_summary_store` FOREIGN KEY (`store_id`) REFERENCES `retail_store`(`id`)
) ENGINE=InnoDB DEFAULT CHARSET=utf8mb4 COMMENT='売上サマリー';

-- ----------------------------
-- 売上推移テーブル（TOP画面グラフ用）
-- ----------------------------
CREATE TABLE IF NOT EXISTS `retail_sales_trend` (
    `id` BIGINT AUTO_INCREMENT PRIMARY KEY,
    `store_id` BIGINT NOT NULL,
    `trend_month` DATE NOT NULL COMMENT '対象月（月初日）',
    `sales_amount` DECIMAL(15,2) NOT NULL DEFAULT 0 COMMENT '売上高',
    `is_forecast` BOOLEAN DEFAULT FALSE COMMENT '予測データフラグ',
    `growth_rate` DECIMAL(5,2) COMMENT '前月比成長率（%）',
    `created_at` DATETIME DEFAULT CURRENT_TIMESTAMP,
    `updated_at` DATETIME DEFAULT CURRENT_TIMESTAMP ON UPDATE CURRENT_TIMESTAMP,
    UNIQUE KEY `uk_sales_trend` (`store_id`, `trend_month`),
    KEY `idx_sales_trend_month` (`trend_month`),
    CONSTRAINT `fk_sales_trend_store` FOREIGN KEY (`store_id`) REFERENCES `retail_store`(`id`)
) ENGINE=InnoDB DEFAULT CHARSET=utf8mb4 COMMENT='売上推移';

-- ----------------------------
-- 売上サマリーデータ投入（直近30日分）
-- ----------------------------
INSERT INTO `retail_sales_summary` (`store_id`, `summary_date`, `period_type`, `total_sales`, `total_transactions`, `total_items_sold`, `average_transaction_value`) VALUES
-- 東京本店（店舗ID: 1）
(1, '2026-01-29', 'DAILY', 850000.00, 165, 495, 5151.52),
(1, '2026-01-28', 'DAILY', 920000.00, 178, 534, 5168.54),
(1, '2026-01-27', 'DAILY', 880000.00, 172, 516, 5116.28),
(1, '2026-01-26', 'DAILY', 910000.00, 185, 555, 4918.92),
(1, '2026-01-25', 'DAILY', 895000.00, 168, 504, 5327.38),
(1, '2026-01-24', 'DAILY', 905000.00, 175, 525, 5171.43),
(1, '2026-01-23', 'DAILY', 870000.00, 162, 486, 5370.37),
(1, '2026-01-22', 'DAILY', 890000.00, 170, 510, 5235.29),
(1, '2026-01-21', 'DAILY', 875000.00, 166, 498, 5271.08),
(1, '2026-01-20', 'DAILY', 900000.00, 180, 540, 5000.00),
-- 横浜駅前店（店舗ID: 2）
(2, '2026-01-29', 'DAILY', 1050000.00, 195, 585, 5384.62),
(2, '2026-01-28', 'DAILY', 1120000.00, 210, 630, 5333.33),
(2, '2026-01-27', 'DAILY', 1080000.00, 198, 594, 5454.55),
(2, '2026-01-26', 'DAILY', 1100000.00, 205, 615, 5365.85),
(2, '2026-01-25', 'DAILY', 1090000.00, 200, 600, 5450.00),
(2, '2026-01-24', 'DAILY', 1070000.00, 192, 576, 5572.92),
(2, '2026-01-23', 'DAILY', 1060000.00, 188, 564, 5638.30),
(2, '2026-01-22', 'DAILY', 1095000.00, 202, 606, 5420.79),
(2, '2026-01-21', 'DAILY', 1075000.00, 196, 588, 5484.69),
(2, '2026-01-20', 'DAILY', 1110000.00, 208, 624, 5336.54),
-- 名古屋栄店（店舗ID: 3）
(3, '2026-01-29', 'DAILY', 780000.00, 152, 456, 5131.58),
(3, '2026-01-28', 'DAILY', 820000.00, 165, 495, 4969.70),
(3, '2026-01-27', 'DAILY', 795000.00, 158, 474, 5031.65),
(3, '2026-01-26', 'DAILY', 810000.00, 162, 486, 5000.00),
(3, '2026-01-25', 'DAILY', 800000.00, 160, 480, 5000.00),
(3, '2026-01-24', 'DAILY', 815000.00, 163, 489, 5000.00),
(3, '2026-01-23', 'DAILY', 790000.00, 155, 465, 5096.77),
(3, '2026-01-22', 'DAILY', 805000.00, 161, 483, 5000.00),
(3, '2026-01-21', 'DAILY', 785000.00, 157, 471, 5000.00),
(3, '2026-01-20', 'DAILY', 825000.00, 165, 495, 5000.00);

-- ----------------------------
-- 売上推移データ投入（過去6ヶ月 + 今後12ヶ月）
-- ----------------------------
INSERT INTO `retail_sales_trend` (`store_id`, `trend_month`, `sales_amount`, `is_forecast`, `growth_rate`) VALUES
-- 東京本店（店舗ID: 1）
(1, '2025-08-01', 22500000.00, FALSE, NULL),
(1, '2025-09-01', 23800000.00, FALSE, 5.78),
(1, '2025-10-01', 24200000.00, FALSE, 1.68),
(1, '2025-11-01', 25100000.00, FALSE, 3.72),
(1, '2025-12-01', 26300000.00, FALSE, 4.78),
(1, '2026-01-01', 27200000.00, FALSE, 3.42),
(1, '2026-02-01', 28500000.00, TRUE, 4.78),
(1, '2026-03-01', 29800000.00, TRUE, 4.56),
(1, '2026-04-01', 31200000.00, TRUE, 4.70),
(1, '2026-05-01', 32800000.00, TRUE, 5.13),
(1, '2026-06-01', 34500000.00, TRUE, 5.18),
(1, '2026-07-01', 36200000.00, TRUE, 4.93),
(1, '2026-08-01', 38000000.00, TRUE, 4.97),
(1, '2026-09-01', 39500000.00, TRUE, 3.95),
(1, '2026-10-01', 41200000.00, TRUE, 4.30),
(1, '2026-11-01', 43000000.00, TRUE, 4.37),
(1, '2026-12-01', 44800000.00, TRUE, 4.19),
(1, '2027-01-01', 46500000.00, TRUE, 3.79),
-- 横浜駅前店（店舗ID: 2）
(2, '2025-08-01', 27000000.00, FALSE, NULL),
(2, '2025-09-01', 28500000.00, FALSE, 5.56),
(2, '2025-10-01', 29200000.00, FALSE, 2.46),
(2, '2025-11-01', 30500000.00, FALSE, 4.45),
(2, '2025-12-01', 32000000.00, FALSE, 4.92),
(2, '2026-01-01', 33500000.00, FALSE, 4.69),
(2, '2026-02-01', 35200000.00, TRUE, 5.07),
(2, '2026-03-01', 36800000.00, TRUE, 4.55),
(2, '2026-04-01', 38500000.00, TRUE, 4.62),
(2, '2026-05-01', 40300000.00, TRUE, 4.68),
(2, '2026-06-01', 42200000.00, TRUE, 4.71),
(2, '2026-07-01', 44100000.00, TRUE, 4.50),
(2, '2026-08-01', 46200000.00, TRUE, 4.76),
(2, '2026-09-01', 48000000.00, TRUE, 3.90),
(2, '2026-10-01', 50000000.00, TRUE, 4.17),
(2, '2026-11-01', 52200000.00, TRUE, 4.40),
(2, '2026-12-01', 54300000.00, TRUE, 4.02),
(2, '2027-01-01', 56500000.00, TRUE, 4.05),
-- 名古屋栄店（店舗ID: 3）
(3, '2025-08-01', 20500000.00, FALSE, NULL),
(3, '2025-09-01', 21600000.00, FALSE, 5.37),
(3, '2025-10-01', 22100000.00, FALSE, 2.31),
(3, '2025-11-01', 23000000.00, FALSE, 4.07),
(3, '2025-12-01', 24200000.00, FALSE, 5.22),
(3, '2026-01-01', 25000000.00, FALSE, 3.31),
(3, '2026-02-01', 26200000.00, TRUE, 4.80),
(3, '2026-03-01', 27300000.00, TRUE, 4.20),
(3, '2026-04-01', 28500000.00, TRUE, 4.40),
(3, '2026-05-01', 29800000.00, TRUE, 4.56),
(3, '2026-06-01', 31200000.00, TRUE, 4.70),
(3, '2026-07-01', 32600000.00, TRUE, 4.49),
(3, '2026-08-01', 34100000.00, TRUE, 4.60),
(3, '2026-09-01', 35500000.00, TRUE, 4.11),
(3, '2026-10-01', 37000000.00, TRUE, 4.23),
(3, '2026-11-01', 38600000.00, TRUE, 4.32),
(3, '2026-12-01', 40200000.00, TRUE, 4.15),
(3, '2027-01-01', 41800000.00, TRUE, 3.98),
-- 大阪梅田店（店舗ID: 4）
(4, '2025-08-01', 28000000.00, FALSE, NULL),
(4, '2025-09-01', 29500000.00, FALSE, 5.36),
(4, '2025-10-01', 30200000.00, FALSE, 2.37),
(4, '2025-11-01', 31500000.00, FALSE, 4.30),
(4, '2025-12-01', 33000000.00, FALSE, 4.76),
(4, '2026-01-01', 34500000.00, FALSE, 4.55),
(4, '2026-02-01', 36200000.00, TRUE, 4.93),
(4, '2026-03-01', 37900000.00, TRUE, 4.70),
(4, '2026-04-01', 39700000.00, TRUE, 4.75),
(4, '2026-05-01', 41600000.00, TRUE, 4.79),
(4, '2026-06-01', 43600000.00, TRUE, 4.81),
(4, '2026-07-01', 45600000.00, TRUE, 4.59),
(4, '2026-08-01', 47800000.00, TRUE, 4.82),
(4, '2026-09-01', 49700000.00, TRUE, 3.97),
(4, '2026-10-01', 51800000.00, TRUE, 4.23),
(4, '2026-11-01', 54100000.00, TRUE, 4.44),
(4, '2026-12-01', 56300000.00, TRUE, 4.07),
(4, '2027-01-01', 58500000.00, TRUE, 3.91),
-- 福岡天神店（店舗ID: 5）
(5, '2025-08-01', 24000000.00, FALSE, NULL),
(5, '2025-09-01', 25300000.00, FALSE, 5.42),
(5, '2025-10-01', 25900000.00, FALSE, 2.37),
(5, '2025-11-01', 27000000.00, FALSE, 4.25),
(5, '2025-12-01', 28300000.00, FALSE, 4.81),
(5, '2026-01-01', 29300000.00, FALSE, 3.53),
(5, '2026-02-01', 30700000.00, TRUE, 4.78),
(5, '2026-03-01', 32100000.00, TRUE, 4.56),
(5, '2026-04-01', 33600000.00, TRUE, 4.67),
(5, '2026-05-01', 35200000.00, TRUE, 4.76),
(5, '2026-06-01', 36900000.00, TRUE, 4.83),
(5, '2026-07-01', 38600000.00, TRUE, 4.61),
(5, '2026-08-01', 40500000.00, TRUE, 4.92),
(5, '2026-09-01', 42100000.00, TRUE, 3.95),
(5, '2026-10-01', 43900000.00, TRUE, 4.28),
(5, '2026-11-01', 45800000.00, TRUE, 4.33),
(5, '2026-12-01', 47700000.00, TRUE, 4.15),
(5, '2027-01-01', 49500000.00, TRUE, 3.77);
-- ----------------------------
-- 在庫切れSKU追加データ（v0.5対応）
-- ----------------------------
INSERT INTO `retail_inventory` (`store_id`, `product_id`, `lot_number`, `quantity`, `expiry_date`, `received_at`, `location`, `status`) VALUES
(1, 16, 'LOT-2026-0116-OUT', 0, '2026-12-31', '2026-01-10 09:00:00', 'B-04', 'out_of_stock'),
(1, 17, 'LOT-2026-0117-OUT', 0, '2026-12-31', '2026-01-10 09:00:00', 'B-05', 'out_of_stock'),
(2, 18, 'LOT-2026-0218-OUT', 0, '2026-06-30', '2026-01-10 09:00:00', 'B-06', 'out_of_stock'),
(2, 19, 'LOT-2026-0219-OUT', 0, '2026-12-31', '2026-01-10 09:00:00', 'B-07', 'out_of_stock'),
(3, 20, 'LOT-2026-0320-OUT', 0, '2026-06-30', '2026-01-10 09:00:00', 'B-08', 'out_of_stock'),
(4, 21, 'LOT-2026-0421-OUT', 0, '2026-06-30', '2026-01-10 09:00:00', 'D-06', 'out_of_stock'),
(5, 22, 'LOT-2026-0522-OUT', 0, '2026-06-30', '2026-01-10 09:00:00', 'D-07', 'out_of_stock');

-- ----------------------------
-- 確認用クエリ（コメントアウト）
-- ----------------------------
-- 在庫切れSKU確認（v0.5）
-- SELECT i.store_id, s.store_name, p.product_name, i.lot_number, i.quantity, i.status, a.message
-- FROM retail_inventory i
-- JOIN retail_store s ON i.store_id = s.id
-- JOIN retail_product p ON i.product_id = p.id
-- LEFT JOIN retail_alert a ON i.store_id = a.store_id AND i.product_id = a.product_id AND i.lot_number = a.lot_number
-- WHERE i.quantity = 0 AND i.status = 'out_of_stock'
-- ORDER BY i.store_id, p.product_name;

-- ============================================================
-- END OF FILE
-- ============================================================
